{
    "providers": [
        {
            "type": "bitmap",
            "file": "minecraft:font/logo.png",
            "ascent": 0,
            "height": 35,
            "chars": [
                "\u02A0"
            ]
        },
        {
            "type": "bitmap",
            "file": "minecraft:font/twitch.png",
            "ascent": 7,
            "height": 7,
            "chars": [
                "\u03F8"
            ]
        },
        {
            "type": "bitmap",
            "file": "minecraft:font/youtube.png",
            "ascent": 7,
            "height": 7,
            "chars": [
                "\u03EC"
            ]
        }
    ]
}