{
  "model": {
    "type": "select",
    "property": "custom_model_data",
    "fallback": {
      "type": "model",
      "model": "minecraft:item/carved_pumpkin"
    },
    "cases": [
      {
        "when": "witch_hat",
        "model": {
          "type": "model",
          "model": "item/witch_hat"
        }
      },
      {
        "when": "shlyapka",
        "model": {
          "type": "model",
          "model": "item/shlyapka"
        }
      },
      {
        "when": "protivogaz",
        "model": {
          "type": "model",
          "model": "item/protivogaz"
        }
      },
      {
        "when": "fishing_hat",
        "model": {
          "type": "model",
          "model": "item/01_fishing_hat"
        }
      },
      {
        "when": "propeller_hat",
        "model": {
          "type": "model",
          "model": "item/02_propeller_hat"
        }
      },
      {
        "when": "umbrella_hat",
        "model": {
          "type": "model",
          "model": "item/03_umbrella_hat"
        }
      },
      {
        "when": "snorkel_hat",
        "model": {
          "type": "model",
          "model": "item/04_snorkel_hat"
        }
      },
      {
        "when": "nazi_hat",
        "model": {
          "type": "model",
          "model": "item/stash"
        }
      },
      {
        "when": "jaster_hat",
        "model": {
          "type": "model",
          "model": "item/jaster_hat_red"
        }
      },
      {
        "when": "blind_fold",
        "model": {
          "type": "model",
          "model": "item/blindfold"
        }
      },
      {
        "when": "trio_horn",
        "model": {
          "type": "model",
          "model": "item/talltrio1"
        }
      },
      {
        "when": "mushroom_hat",
        "model": {
          "type": "model",
          "model": "item/redmushroomcaphat"
        }
      },
      {
        "when": "xiao_hat",
        "model": {
          "type": "model",
          "model": "item/xiao"
        }
      },
      {
        "when": "traffic_cone",
        "model": {
          "type": "model",
          "model": "item/traffic_cone"
        }
      },
      {
        "when": "toilet_paper",
        "model": {
          "type": "model",
          "model": "item/toilet_paper"
        }
      },
      {
        "when": "straw_hat",
        "model": {
          "type": "model",
          "model": "item/straw_hat"
        }
      },
      {
        "when": "eye_hat",
        "model": {
          "type": "model",
          "model": "item/eye"
        }
      },
      {
        "when": "unblocker_hat",
        "model": {
          "type": "model",
          "model": "item/unblocker"
        }
      },
      {
        "when": "western_hat",
        "model": {
          "type": "model",
          "model": "item/western_hat"
        }
      },
      {
        "when": "halo_hat",
        "model": {
          "type": "model",
          "model": "item/halo"
        }
      },
      {
        "when": "demon_horn",
        "model": {
          "type": "model",
          "model": "item/demon_horn"
        }
      },
      {
        "when": "chef_hat",
        "model": {
          "type": "model",
          "model": "item/chef_hat"
        }
      },
      {
        "when": "axolotl_hat",
        "model": {
          "type": "model",
          "model": "item/axolotl_hat"
        }
      },
      {
        "when": "ushanka_grey",
        "model": {
          "type": "model",
          "model": "item/ushanka_grey"
        }
      },
      {
        "when": "pirate_hat",
        "model": {
          "type": "model",
          "model": "item/pirate"
        }
      },
      {
        "when": "detective_hat",
        "model": {
          "type": "model",
          "model": "item/oppenheimer_hat"
        }
      },
      {
        "when": "meshkovina_hat",
        "model": {
          "type": "model",
          "model": "item/meshkovina_hat"
        }
      },
      {
        "when": "viking_hat",
        "model": {
          "type": "model",
          "model": "item/viking_hat"
        }
      },
      {
        "when": "japanmask_hat",
        "model": {
          "type": "model",
          "model": "item/japanmask_hat"
        }
      },
      {
        "when": "rundsamurai_hat",
        "model": {
          "type": "model",
          "model": "item/rundsamurai_hat"
        }
      }
    ]
  }
}