{
  "model": {
    "type": "select",
    "property": "custom_model_data",
    "fallback": {
      "type": "model",
      "model": "item/golden_carrot"
    },
    "cases": [
      {
        "when": "igdrasil",
        "model": {
          "type": "model",
          "model": "item/igdrasil"
        }
      },
            {
        "when": "crazy_fruit",
        "model": {
          "type": "model",
          "model": "item/crazy_fruit"
        }
      },
            {
        "when": "valhalla_pork",
        "model": {
          "type": "model",
          "model": "item/valhalla_pork"
        }
      }
    ]
  }
}