{
	"credit": "© 2015-2023 MadstonMagic. All rights reserved. https://madstonmagic.github.io/shop/. Made using BlockBench",
	"texture_size": [64, 64],
	"textures": {
		"base": "item/02_propeller_hat",
		"propeller": "item/02_propeller"
	},
	"elements": [
		{
			"from": [-2, -1, -2],
			"to": [18, 7, 18],
			"rotation": {"angle": 0, "axis": "y", "origin": [8, 8, 8]},
			"faces": {
				"north": {"uv": [5, 0, 10, 2], "texture": "#base"},
				"east": {"uv": [10, 0, 15, 2], "texture": "#base"},
				"south": {"uv": [5, 2, 10, 4], "texture": "#base"},
				"west": {"uv": [10, 2, 15, 4], "texture": "#base"},
				"up": {"uv": [5, 5, 0, 0], "texture": "#base"},
				"down": {"uv": [13, 4, 8, 9], "texture": "#base"}
			}
		},
		{
			"from": [0, 15, 0],
			"to": [16, 15, 16],
			"rotation": {"angle": 0, "axis": "y", "origin": [8, 8, 8]},
			"faces": {
				"up": {"uv": [0, 0, 16, 16], "texture": "#propeller"},
				"down": {"uv": [16, 0, 0, 16], "texture": "#propeller", "tintindex": 0}
			}
		},
		{
			"from": [1, 7, 1],
			"to": [15, 11, 15],
			"rotation": {"angle": 0, "axis": "y", "origin": [8, 8, 8]},
			"faces": {
				"north": {"uv": [3.5, 5, 7, 6], "texture": "#base"},
				"east": {"uv": [3.5, 7, 7, 8], "texture": "#base"},
				"south": {"uv": [3.5, 6, 7, 7], "texture": "#base"},
				"west": {"uv": [3.5, 8, 7, 9], "texture": "#base"},
				"up": {"uv": [3.5, 8.5, 0, 5], "texture": "#base"}
			}
		},
		{
			"from": [6, 11, 6],
			"to": [10, 15, 10],
			"rotation": {"angle": 0, "axis": "y", "origin": [8, 8, 8]},
			"faces": {
				"north": {"uv": [7, 5, 8, 6], "texture": "#base"},
				"east": {"uv": [7, 7, 8, 8], "texture": "#base"},
				"south": {"uv": [7, 6, 8, 7], "texture": "#base"},
				"west": {"uv": [7, 8, 8, 9], "texture": "#base"}
			}
		}
	],
	"gui_light": "front",
	"display": {
		"thirdperson_righthand": {
			"rotation": [39, 36, 28],
			"translation": [-1.75, 3.5, 0],
			"scale": [0.3, 0.3, 0.3]
		},
		"thirdperson_lefthand": {
			"rotation": [39, 36, 28],
			"translation": [-1.75, 3.5, 0],
			"scale": [0.3, 0.3, 0.3]
		},
		"firstperson_righthand": {
			"rotation": [-11, 36, 19],
			"translation": [-1.75, 3.5, 0],
			"scale": [0.5, 0.5, 0.5]
		},
		"firstperson_lefthand": {
			"rotation": [-11, 36, 19],
			"translation": [-1.75, 3.5, 0],
			"scale": [0.5, 0.5, 0.5]
		},
		"ground": {
			"translation": [0, 6, 0],
			"scale": [0.3, 0.3, 0.3]
		},
		"gui": {
			"rotation": [30, 135, 0],
			"translation": [0, 1, 0],
			"scale": [0.5, 0.5, 0.5]
		},
		"head": {
			"rotation": [5, 1, 1],
			"translation": [0, 8.75, 0.5],
			"scale": [0.8, 0.8, 0.8]
		}
	}
}