{
	"credit": "Made with Blockbench",
	"texture_size": [32, 32],
	"textures": {
		"2": "item/blindfold",
		"particle": "item/blindfold"
	},
	"elements": [
		{
			"from": [3, 0, 13],
			"to": [4, 5, 14],
			"rotation": {"angle": 0, "axis": "y", "origin": [3, 0, 13]},
			"faces": {
				"north": {"uv": [1, 11, 1.5, 13.5], "texture": "#2"},
				"east": {"uv": [1.5, 11, 2, 13.5], "texture": "#2"},
				"south": {"uv": [2, 11, 2.5, 13.5], "texture": "#2"},
				"west": {"uv": [2.5, 11, 3, 13.5], "texture": "#2"},
				"up": {"uv": [13.5, 6.5, 13, 6], "texture": "#2"},
				"down": {"uv": [13.5, 6.5, 13, 7], "texture": "#2"}
			}
		},
		{
			"from": [12, 0, 13],
			"to": [13, 5, 14],
			"rotation": {"angle": 0, "axis": "y", "origin": [12, 0, 13]},
			"faces": {
				"north": {"uv": [3, 11, 3.5, 13.5], "texture": "#2"},
				"east": {"uv": [3.5, 11, 4, 13.5], "texture": "#2"},
				"south": {"uv": [4, 11, 4.5, 13.5], "texture": "#2"},
				"west": {"uv": [4.5, 11, 5, 13.5], "texture": "#2"},
				"up": {"uv": [13.5, 7.5, 13, 7], "texture": "#2"},
				"down": {"uv": [13.5, 7.5, 13, 8], "texture": "#2"}
			}
		},
		{
			"from": [12, 0, 2],
			"to": [13, 5, 3],
			"rotation": {"angle": 0, "axis": "y", "origin": [12, 0, 2]},
			"faces": {
				"north": {"uv": [5, 11, 5.5, 13.5], "texture": "#2"},
				"east": {"uv": [5.5, 11, 6, 13.5], "texture": "#2"},
				"south": {"uv": [6, 11, 6.5, 13.5], "texture": "#2"},
				"west": {"uv": [6.5, 11, 7, 13.5], "texture": "#2"},
				"up": {"uv": [13.5, 8.5, 13, 8], "texture": "#2"},
				"down": {"uv": [13.5, 8.5, 13, 9], "texture": "#2"}
			}
		},
		{
			"from": [3, 0, 2],
			"to": [4, 5, 3],
			"rotation": {"angle": 0, "axis": "y", "origin": [3, 0, 2]},
			"faces": {
				"north": {"uv": [7, 11, 7.5, 13.5], "texture": "#2"},
				"east": {"uv": [7.5, 11, 8, 13.5], "texture": "#2"},
				"south": {"uv": [8, 11, 8.5, 13.5], "texture": "#2"},
				"west": {"uv": [8.5, 11, 9, 13.5], "texture": "#2"},
				"up": {"uv": [13.5, 9.5, 13, 9], "texture": "#2"},
				"down": {"uv": [13.5, 9.5, 13, 10], "texture": "#2"}
			}
		},
		{
			"from": [2, 0, 2],
			"to": [3, 5, 4],
			"rotation": {"angle": 0, "axis": "y", "origin": [2, 0, 2]},
			"faces": {
				"north": {"uv": [11, 8.5, 11.5, 11], "texture": "#2"},
				"east": {"uv": [1, 8.5, 2, 11], "texture": "#2"},
				"south": {"uv": [11, 11, 11.5, 13.5], "texture": "#2"},
				"west": {"uv": [2, 8.5, 3, 11], "texture": "#2"},
				"up": {"uv": [13, 7.5, 12.5, 6.5], "texture": "#2"},
				"down": {"uv": [13, 12.5, 12.5, 13.5], "texture": "#2"}
			}
		},
		{
			"from": [2, 0, 12],
			"to": [3, 5, 14],
			"rotation": {"angle": 0, "axis": "y", "origin": [2, 0, 12]},
			"faces": {
				"north": {"uv": [11.5, 8.5, 12, 11], "texture": "#2"},
				"east": {"uv": [3, 8.5, 4, 11], "texture": "#2"},
				"south": {"uv": [9, 11.5, 9.5, 14], "texture": "#2"},
				"west": {"uv": [4, 8.5, 5, 11], "texture": "#2"},
				"up": {"uv": [13.5, 1, 13, 0], "texture": "#2"},
				"down": {"uv": [13.5, 1, 13, 2], "texture": "#2"}
			}
		},
		{
			"from": [13, 0, 12],
			"to": [14, 5, 14],
			"rotation": {"angle": 0, "axis": "y", "origin": [13, 0, 12]},
			"faces": {
				"north": {"uv": [9.5, 11.5, 10, 14], "texture": "#2"},
				"east": {"uv": [5, 8.5, 6, 11], "texture": "#2"},
				"south": {"uv": [10, 11.5, 10.5, 14], "texture": "#2"},
				"west": {"uv": [6, 8.5, 7, 11], "texture": "#2"},
				"up": {"uv": [13.5, 3, 13, 2], "texture": "#2"},
				"down": {"uv": [13.5, 3, 13, 4], "texture": "#2"}
			}
		},
		{
			"from": [13, 0, 2],
			"to": [14, 5, 4],
			"rotation": {"angle": 0, "axis": "y", "origin": [13, 0, 2]},
			"faces": {
				"north": {"uv": [10.5, 11.5, 11, 14], "texture": "#2"},
				"east": {"uv": [7, 8.5, 8, 11], "texture": "#2"},
				"south": {"uv": [11.5, 11, 12, 13.5], "texture": "#2"},
				"west": {"uv": [8, 8.5, 9, 11], "texture": "#2"},
				"up": {"uv": [13.5, 5, 13, 4], "texture": "#2"},
				"down": {"uv": [13.5, 5, 13, 6], "texture": "#2"}
			}
		},
		{
			"name": "short",
			"from": [3, -4, 1],
			"to": [4, 0, 2],
			"rotation": {"angle": 0, "axis": "y", "origin": [0, 1, 0]},
			"faces": {
				"north": {"uv": [12.5, 2.5, 13, 4.5], "texture": "#2"},
				"east": {"uv": [12.5, 4.5, 13, 6.5], "texture": "#2"},
				"south": {"uv": [12.5, 8.5, 13, 10.5], "texture": "#2"},
				"west": {"uv": [12.5, 10.5, 13, 12.5], "texture": "#2"},
				"up": {"uv": [13.5, 10.5, 13, 10], "texture": "#2"},
				"down": {"uv": [13.5, 10.5, 13, 11], "texture": "#2"}
			}
		},
		{
			"name": "long",
			"from": [4, -6, 1],
			"to": [5, 0, 2],
			"rotation": {"angle": 0, "axis": "y", "origin": [-1, 1, 0]},
			"faces": {
				"north": {"uv": [9, 8.5, 9.5, 11.5], "texture": "#2"},
				"east": {"uv": [9.5, 8.5, 10, 11.5], "texture": "#2"},
				"south": {"uv": [10, 8.5, 10.5, 11.5], "texture": "#2"},
				"west": {"uv": [10.5, 8.5, 11, 11.5], "texture": "#2"},
				"up": {"uv": [13.5, 11.5, 13, 11], "texture": "#2"},
				"down": {"uv": [13.5, 11.5, 13, 12], "texture": "#2"}
			}
		},
		{
			"from": [1, 0, 2],
			"to": [2, 5, 14],
			"faces": {
				"north": {"uv": [12, 0, 12.5, 2.5], "texture": "#2"},
				"east": {"uv": [0, 0, 6, 2.5], "texture": "#2"},
				"south": {"uv": [12, 2.5, 12.5, 5], "texture": "#2"},
				"west": {"uv": [0, 2.5, 6, 5], "texture": "#2"},
				"up": {"uv": [0.5, 13.5, 0, 7.5], "texture": "#2"},
				"down": {"uv": [1, 7.5, 0.5, 13.5], "texture": "#2"}
			}
		},
		{
			"from": [14, 0, 2],
			"to": [15, 5, 14],
			"faces": {
				"north": {"uv": [12, 0, 12.5, 2.5], "texture": "#2"},
				"east": {"uv": [0, 0, 6, 2.5], "texture": "#2"},
				"south": {"uv": [12, 2.5, 12.5, 5], "texture": "#2"},
				"west": {"uv": [0, 2.5, 6, 5], "texture": "#2"},
				"up": {"uv": [0.5, 13.5, 0, 7.5], "texture": "#2"},
				"down": {"uv": [1, 7.5, 0.5, 13.5], "texture": "#2"}
			}
		},
		{
			"from": [2, 0, 14],
			"to": [14, 5, 15],
			"faces": {
				"north": {"uv": [0, 5, 6, 7.5], "texture": "#2"},
				"east": {"uv": [12, 5, 12.5, 7.5], "texture": "#2"},
				"south": {"uv": [6, 0, 12, 2.5], "texture": "#2"},
				"west": {"uv": [12, 8.5, 12.5, 11], "texture": "#2"},
				"up": {"uv": [7, 8, 1, 7.5], "texture": "#2"},
				"down": {"uv": [13, 7.5, 7, 8], "texture": "#2"}
			}
		},
		{
			"from": [2, 0, 1],
			"to": [14, 5, 2],
			"faces": {
				"north": {"uv": [6, 2.5, 12, 5], "texture": "#2"},
				"east": {"uv": [12, 11, 12.5, 13.5], "texture": "#2"},
				"south": {"uv": [6, 5, 12, 7.5], "texture": "#2"},
				"west": {"uv": [12.5, 0, 13, 2.5], "texture": "#2"},
				"up": {"uv": [7, 8.5, 1, 8], "texture": "#2"},
				"down": {"uv": [13, 8, 7, 8.5], "texture": "#2"}
			}
		}
	],
	"display": {
		"thirdperson_righthand": {
			"rotation": [5.43, -47.01, 5.78],
			"translation": [0, 1, -2.25],
			"scale": [0.55, 0.55, 0.55]
		},
		"thirdperson_lefthand": {
			"rotation": [5.43, -47.01, 5.78],
			"translation": [0, 1, -2.25],
			"scale": [0.55, 0.55, 0.55]
		},
		"firstperson_righthand": {
			"rotation": [0, -90, 25],
			"translation": [1.13, 3.2, 1.13],
			"scale": [0.68, 0.68, 0.68]
		},
		"firstperson_lefthand": {
			"rotation": [0, -90, 25],
			"translation": [1.13, 3.2, 1.13],
			"scale": [0.68, 0.68, 0.68]
		},
		"ground": {
			"translation": [0, 2, 0],
			"scale": [0.5, 0.5, 0.5]
		},
		"gui": {
			"rotation": [30, 225, 0],
			"translation": [0, 1.75, 0],
			"scale": [0.625, 0.625, 0.625]
		},
		"head": {
			"rotation": [180, -0.25, 180],
			"translation": [0, 6.06641, 0],
			"scale": [1.07813, 1.39062, 1.08398]
		},
		"fixed": {
			"rotation": [-90, 0, 0],
			"translation": [0, 0, -2.5],
			"scale": [0.5, 0.5, 0.5]
		}
	},
	"groups": [
		{
			"name": "OuterBand",
			"origin": [3, 0, 13],
			"color": 0,
			"children": [
				{
					"name": "InnerBand",
					"origin": [3, 0, 13],
					"color": 0,
					"children": [0, 1, 2, 3, 4, 5, 6, 7]
				},
				{
					"name": "Hang",
					"origin": [3, 0, 13],
					"color": 0,
					"children": [8, 9]
				},
				10,
				11,
				12,
				13
			]
		}
	]
}