{
	"credit": "Made with Blockbench",
	"texture_size": [32, 32],
	"textures": {
		"0": "item/chef_hat",
		"particle": "item/chef_hat"
	},
	"elements": [
		{
			"from": [4, 0, 4],
			"to": [12, 6, 12],
			"rotation": {"angle": 0, "axis": "y", "origin": [2, 0, 4]},
			"faces": {
				"north": {"uv": [5, 8, 9, 11], "texture": "#0"},
				"east": {"uv": [9, 0, 13, 3], "texture": "#0"},
				"south": {"uv": [9, 3, 13, 6], "texture": "#0"},
				"west": {"uv": [9, 6, 13, 9], "texture": "#0"},
				"up": {"uv": [9, 4, 5, 0], "texture": "#0"},
				"down": {"uv": [9, 4, 5, 8], "texture": "#0"}
			}
		},
		{
			"from": [3, 6, 3],
			"to": [13, 9, 13],
			"rotation": {"angle": 0, "axis": "y", "origin": [2, 6, 4]},
			"faces": {
				"north": {"uv": [9, 9, 14, 10.5], "texture": "#0"},
				"east": {"uv": [0, 10, 5, 11.5], "texture": "#0"},
				"south": {"uv": [9, 10.5, 14, 12], "texture": "#0"},
				"west": {"uv": [0, 11.5, 5, 13], "texture": "#0"},
				"up": {"uv": [5, 5, 0, 0], "texture": "#0"},
				"down": {"uv": [5, 5, 0, 10], "texture": "#0"}
			}
		}
	],
	"display": {
		"thirdperson_righthand": {
			"rotation": [37, 56, 0],
			"translation": [0, 3.75, 1.25],
			"scale": [0.45, 0.45, 0.45]
		},
		"thirdperson_lefthand": {
			"rotation": [37, 56, 0],
			"translation": [0, 3.75, 1.25],
			"scale": [0.45, 0.45, 0.45]
		},
		"firstperson_righthand": {
			"rotation": [0, 37, 0],
			"translation": [0, 4.75, 0],
			"scale": [0.52, 0.52, 0.52]
		},
		"firstperson_lefthand": {
			"rotation": [0, 37, 0],
			"translation": [0, 4.75, 0],
			"scale": [0.52, 0.52, 0.52]
		},
		"ground": {
			"translation": [0, 3.25, 0],
			"scale": [0.7, 0.7, 0.7]
		},
		"gui": {
			"rotation": [25, 142, 0],
			"translation": [0, 2.75, 0],
			"scale": [0.95, 0.95, 0.95]
		},
		"head": {
			"rotation": [9, 0, 0],
			"translation": [0, 17.5, 2.25],
			"scale": [1.73, 1.73, 1.73]
		}
	}
}