{
	"credit": "Made with Blockbench",
	"texture_size": [32, 32],
	"textures": {
		"0": "item/eye",
		"particle": "item/eye"
	},
	"elements": [
		{
			"from": [6, 0, 6],
			"to": [10, 2, 10],
			"rotation": {"angle": 0, "axis": "y", "origin": [7, 0, 7]},
			"faces": {
				"north": {"uv": [6, 4.5, 8, 5.5], "texture": "#0"},
				"east": {"uv": [6, 5.5, 8, 6.5], "texture": "#0"},
				"south": {"uv": [6.5, 0, 8.5, 1], "texture": "#0"},
				"west": {"uv": [4, 6.5, 6, 7.5], "texture": "#0"},
				"up": {"uv": [4.5, 2, 2.5, 0], "texture": "#0"},
				"down": {"uv": [4.5, 2, 2.5, 4], "texture": "#0"}
			}
		},
		{
			"from": [7, 2, 7],
			"to": [9, 9, 9],
			"rotation": {"angle": 0, "axis": "y", "origin": [7, 2, 7]},
			"faces": {
				"north": {"uv": [0, 4, 1, 7.5], "texture": "#0"},
				"east": {"uv": [1, 4, 2, 7.5], "texture": "#0"},
				"south": {"uv": [2, 4, 3, 7.5], "texture": "#0"},
				"west": {"uv": [3, 4, 4, 7.5], "texture": "#0"},
				"up": {"uv": [7.5, 8.5, 6.5, 7.5], "texture": "#0"},
				"down": {"uv": [8.5, 7.5, 7.5, 8.5], "texture": "#0"}
			}
		},
		{
			"from": [7, 7, 4],
			"to": [9, 9, 7],
			"rotation": {"angle": 0, "axis": "y", "origin": [7, 2, 5]},
			"faces": {
				"north": {"uv": [8, 3, 9, 4], "texture": "#0"},
				"east": {"uv": [7, 2, 8.5, 3], "texture": "#0"},
				"south": {"uv": [8, 4, 9, 5], "texture": "#0"},
				"west": {"uv": [0, 7.5, 1.5, 8.5], "texture": "#0"},
				"up": {"uv": [2.5, 9, 1.5, 7.5], "texture": "#0"},
				"down": {"uv": [3.5, 7.5, 2.5, 9], "texture": "#0"}
			}
		},
		{
			"from": [6, 6, 1],
			"to": [10, 8, 4],
			"rotation": {"angle": 0, "axis": "y", "origin": [7, 2, 2]},
			"faces": {
				"north": {"uv": [6, 6.5, 8, 7.5], "texture": "#0"},
				"east": {"uv": [3.5, 7.5, 5, 8.5], "texture": "#0"},
				"south": {"uv": [7, 1, 9, 2], "texture": "#0"},
				"west": {"uv": [5, 7.5, 6.5, 8.5], "texture": "#0"},
				"up": {"uv": [6, 5.5, 4, 4], "texture": "#0"},
				"down": {"uv": [6.5, 0, 4.5, 1.5], "texture": "#0"}
			}
		},
		{
			"from": [5.75, 8, 0.75],
			"to": [10.25, 10, 4.75],
			"rotation": {"angle": 0, "axis": "y", "origin": [7, 5, 2]},
			"faces": {
				"north": {"uv": [4.5, 1.5, 7, 2.5], "texture": "#0"},
				"east": {"uv": [4, 5.5, 6, 6.5], "texture": "#0"},
				"south": {"uv": [4.5, 2.5, 7, 3.5], "texture": "#0"},
				"west": {"uv": [6, 3.5, 8, 4.5], "texture": "#0"},
				"up": {"uv": [2.5, 2, 0, 0], "texture": "#0"},
				"down": {"uv": [2.5, 2, 0, 4], "texture": "#0"}
			}
		}
	],
	"display": {
		"thirdperson_righthand": {
			"rotation": [37, 56, 0],
			"translation": [0, 3.75, 1.25],
			"scale": [0.45, 0.45, 0.45]
		},
		"thirdperson_lefthand": {
			"rotation": [37, 56, 0],
			"translation": [0, 3.75, 1.25],
			"scale": [0.45, 0.45, 0.45]
		},
		"firstperson_righthand": {
			"rotation": [0, 37, 0],
			"translation": [0, 4.75, 0],
			"scale": [0.52, 0.52, 0.52]
		},
		"firstperson_lefthand": {
			"rotation": [0, 37, 0],
			"translation": [0, 4.75, 0],
			"scale": [0.52, 0.52, 0.52]
		},
		"ground": {
			"translation": [0, 3.25, 0],
			"scale": [0.7, 0.7, 0.7]
		},
		"gui": {
			"rotation": [25, 142, 0],
			"translation": [0, 3.25, 0],
			"scale": [0.95, 0.95, 0.95]
		},
		"head": {
			"translation": [0, 18.5, 0],
			"scale": [1.73, 1.73, 1.73]
		}
	}
}