{
	"credit": "Made with Blockbench",
	"textures": {
		"0": "item/halo",
		"particle": "item/halo"
	},
	"elements": [
		{
			"from": [4, 0, 4],
			"to": [12, 1, 5],
			"faces": {
				"north": {"uv": [0, 4, 8, 5], "texture": "#0"},
				"east": {"uv": [9, 2, 10, 3], "texture": "#0"},
				"south": {"uv": [0, 5, 8, 6], "texture": "#0"},
				"west": {"uv": [3, 9, 4, 10], "texture": "#0"},
				"up": {"uv": [8, 7, 0, 6], "texture": "#0"},
				"down": {"uv": [8, 7, 0, 8], "texture": "#0"}
			}
		},
		{
			"from": [4, 0, 11],
			"to": [12, 1, 12],
			"rotation": {"angle": 0, "axis": "y", "origin": [0, 0, 7]},
			"faces": {
				"north": {"uv": [0, 0, 8, 1], "texture": "#0"},
				"east": {"uv": [9, 1, 10, 2], "texture": "#0"},
				"south": {"uv": [0, 1, 8, 2], "texture": "#0"},
				"west": {"uv": [2, 9, 3, 10], "texture": "#0"},
				"up": {"uv": [8, 3, 0, 2], "texture": "#0"},
				"down": {"uv": [8, 3, 0, 4], "texture": "#0"}
			}
		},
		{
			"from": [11, 0, 5],
			"to": [12, 1, 11],
			"rotation": {"angle": 0, "axis": "y", "origin": [0, 0, 6]},
			"faces": {
				"north": {"uv": [9, 3, 10, 4], "texture": "#0"},
				"east": {"uv": [0, 8, 6, 9], "texture": "#0"},
				"south": {"uv": [4, 9, 5, 10], "texture": "#0"},
				"west": {"uv": [8, 0, 14, 1], "texture": "#0"},
				"up": {"uv": [9, 7, 8, 1], "texture": "#0"},
				"down": {"uv": [7, 8, 6, 14], "texture": "#0"}
			}
		},
		{
			"from": [4, 0, 5],
			"to": [5, 1, 11],
			"rotation": {"angle": 0, "axis": "y", "origin": [-7, 0, 6]},
			"faces": {
				"north": {"uv": [9, 4, 10, 5], "texture": "#0"},
				"east": {"uv": [7, 8, 13, 9], "texture": "#0"},
				"south": {"uv": [5, 9, 6, 10], "texture": "#0"},
				"west": {"uv": [8, 7, 14, 8], "texture": "#0"},
				"up": {"uv": [1, 15, 0, 9], "texture": "#0"},
				"down": {"uv": [2, 9, 1, 15], "texture": "#0"}
			}
		}
	],
	"display": {
		"thirdperson_righthand": {
			"rotation": [37, 56, 0],
			"translation": [0, 3.75, 1.25],
			"scale": [0.45, 0.45, 0.45]
		},
		"thirdperson_lefthand": {
			"rotation": [37, 56, 0],
			"translation": [0, 3.75, 1.25],
			"scale": [0.45, 0.45, 0.45]
		},
		"firstperson_righthand": {
			"rotation": [0, 37, 0],
			"translation": [0, 4.75, 0],
			"scale": [0.52, 0.52, 0.52]
		},
		"firstperson_lefthand": {
			"rotation": [0, 37, 0],
			"translation": [0, 4.75, 0],
			"scale": [0.52, 0.52, 0.52]
		},
		"ground": {
			"translation": [0, 3.25, 0],
			"scale": [0.7, 0.7, 0.7]
		},
		"gui": {
			"rotation": [25, 142, 0],
			"translation": [0, 5, 0],
			"scale": [0.95, 0.95, 0.95]
		},
		"head": {
			"translation": [0, 19.25, 0],
			"scale": [1.22, 1.22, 1.22]
		}
	}
}