{
	"credit": "Made with Blockbench",
	"texture_size": [4, 4],
	"textures": {
		"1": "item/japanmask",
		"2": "item/japanmask_texture",
		"particle": "item/japanmask_texture"
	},
	"elements": [
		{
			"from": [4, 1, 4],
			"to": [12, 10, 12],
			"rotation": {"angle": 0, "axis": "y", "origin": [7, -1, 7]},
			"faces": {
				"north": {"uv": [0, 4.5, 2, 6.75], "texture": "#1"},
				"east": {"uv": [2, 4.5, 4, 6.75], "texture": "#1"},
				"south": {"uv": [4, 4.5, 6, 6.75], "texture": "#1"},
				"west": {"uv": [6, 4.5, 8, 6.75], "texture": "#1"},
				"up": {"uv": [2, 10.75, 0, 8.75], "texture": "#1"},
				"down": {"uv": [4, 8.75, 2, 10.75], "texture": "#1"}
			}
		},
		{
			"from": [5.5, 3.5, 3.975],
			"to": [7.5, 4.5, 3.975],
			"rotation": {"angle": 0, "axis": "y", "origin": [7, -1, 7]},
			"faces": {
				"north": {"uv": [0, 0, 8, 4], "texture": "#2"}
			}
		},
		{
			"from": [8.5, 3.5, 3.975],
			"to": [10.5, 4.5, 3.975],
			"rotation": {"angle": 0, "axis": "y", "origin": [9, -1, 7]},
			"faces": {
				"north": {"uv": [8, 0, 0, 4], "texture": "#2"}
			}
		},
		{
			"from": [4.75, -4.75, 11],
			"to": [11.25, 2.75, 16.5],
			"rotation": {"angle": 0, "axis": "y", "origin": [7.5, -10, 13.75]},
			"faces": {
				"north": {"uv": [6, 9, 7.75, 11], "texture": "#1"},
				"east": {"uv": [10.5, 9, 12, 11], "texture": "#1"},
				"south": {"uv": [10, 4.25, 11.75, 6.25], "texture": "#1"},
				"west": {"uv": [0, 10.75, 1.5, 12.75], "texture": "#1"},
				"up": {"uv": [12, 4.25, 10.25, 2.75], "texture": "#1"},
				"down": {"uv": [3.25, 10.75, 1.5, 12.25], "texture": "#1"}
			}
		},
		{
			"from": [4, -1.2, 12],
			"to": [12, 7.8, 20],
			"rotation": {"angle": -22.5, "axis": "x", "origin": [7, -3, 15]},
			"faces": {
				"north": {"uv": [4.5, 6.75, 6.5, 9], "texture": "#1"},
				"east": {"uv": [6.5, 6.75, 8.5, 9], "texture": "#1"},
				"south": {"uv": [8, 4.5, 10, 6.75], "texture": "#1"},
				"west": {"uv": [8.25, 0, 10.25, 2.25], "texture": "#1"},
				"up": {"uv": [10.5, 10.75, 8.5, 8.75], "texture": "#1"},
				"down": {"uv": [6, 9, 4, 11], "texture": "#1"}
			}
		},
		{
			"from": [-1.25, 1, 5.9],
			"to": [3.75, 12, 5.9],
			"rotation": {"angle": 45, "axis": "y", "origin": [3.75, 5.5, 5.9]},
			"faces": {
				"north": {"uv": [10.25, 0, 11.5, 2.75], "texture": "#1"},
				"east": {"uv": [0, 0, 0, 2.75], "texture": "#1"},
				"south": {"uv": [10.5, 6.25, 11.75, 9], "texture": "#1"},
				"west": {"uv": [0, 0, 0, 2.75], "texture": "#1"},
				"up": {"uv": [1.25, 0, 0, 0], "texture": "#1"},
				"down": {"uv": [1.25, 0, 0, 0], "texture": "#1"}
			}
		},
		{
			"from": [12.25, 1, 5.9],
			"to": [17.25, 12, 5.9],
			"rotation": {"angle": -45, "axis": "y", "origin": [12.25, 5.5, 5.9]},
			"faces": {
				"north": {"uv": [11.5, 0, 10.25, 2.75], "texture": "#1"},
				"east": {"uv": [0, 0, 0, 2.75], "texture": "#1"},
				"south": {"uv": [11.75, 6.25, 10.5, 9], "texture": "#1"},
				"west": {"uv": [0, 0, 0, 2.75], "texture": "#1"},
				"up": {"uv": [0, 0, 1.25, 0], "texture": "#1"},
				"down": {"uv": [0, 0, 1.25, 0], "texture": "#1"}
			}
		},
		{
			"from": [3.25, 0.1, 9],
			"to": [12.75, 9.6, 17.5],
			"rotation": {"angle": 22.5, "axis": "x", "origin": [8.5, 6.75, 13.25]},
			"faces": {
				"north": {"uv": [0, 0, 2.25, 2.25], "texture": "#1"},
				"east": {"uv": [6.25, 0, 8.25, 2.25], "texture": "#1"},
				"south": {"uv": [0, 2.25, 2.25, 4.5], "texture": "#1"},
				"west": {"uv": [6.25, 2.25, 8.25, 4.5], "texture": "#1"},
				"up": {"uv": [2.25, 8.75, 0, 6.75], "texture": "#1"},
				"down": {"uv": [4.5, 6.75, 2.25, 8.75], "texture": "#1"}
			}
		},
		{
			"from": [5, 7, 3],
			"to": [6.75, 8.75, 5],
			"rotation": {"angle": 22.5, "axis": "x", "origin": [5.875, 8.03304, 2.20548]},
			"faces": {
				"north": {"uv": [10, 6.25, 10.5, 6.75], "texture": "#1"},
				"east": {"uv": [8.25, 10.75, 8.75, 11.25], "texture": "#1"},
				"south": {"uv": [8.75, 10.75, 9.25, 11.25], "texture": "#1"},
				"west": {"uv": [9.25, 10.75, 9.75, 11.25], "texture": "#1"},
				"up": {"uv": [10.25, 11.25, 9.75, 10.75], "texture": "#1"},
				"down": {"uv": [4.25, 11, 3.75, 11.5], "texture": "#1"}
			}
		},
		{
			"from": [5.2, 6.7, 1.71097],
			"to": [6.55, 8.05, 3.31097],
			"rotation": {"angle": 45, "axis": "x", "origin": [5.875, 7.63304, 3.10548]},
			"faces": {
				"north": {"uv": [4.25, 11, 4.75, 11.5], "texture": "#1"},
				"east": {"uv": [4.75, 11, 5.25, 11.5], "texture": "#1"},
				"south": {"uv": [5.25, 11, 5.75, 11.5], "texture": "#1"},
				"west": {"uv": [5.75, 11, 6.25, 11.5], "texture": "#1"},
				"up": {"uv": [6.75, 11.5, 6.25, 11], "texture": "#1"},
				"down": {"uv": [7.25, 11, 6.75, 11.5], "texture": "#1"}
			}
		},
		{
			"from": [5.3, 8.07581, 0.92868],
			"to": [6.45, 10.47581, 2.07868],
			"rotation": {"angle": -22.5, "axis": "x", "origin": [5.875, 9.37581, 1.50368]},
			"faces": {
				"north": {"uv": [7.75, 9, 8.25, 9.75], "texture": "#1"},
				"east": {"uv": [7.75, 9.75, 8.25, 10.5], "texture": "#1"},
				"south": {"uv": [7.75, 10.5, 8.25, 11.25], "texture": "#1"},
				"west": {"uv": [3.25, 10.75, 3.75, 11.5], "texture": "#1"},
				"up": {"uv": [7.75, 11.5, 7.25, 11], "texture": "#1"},
				"down": {"uv": [10.75, 11, 10.25, 11.5], "texture": "#1"}
			}
		},
		{
			"from": [9.25, 7, 3],
			"to": [11, 8.75, 5],
			"rotation": {"angle": 22.5, "axis": "x", "origin": [10.125, 8.03304, 2.20548]},
			"faces": {
				"north": {"uv": [10.5, 6.25, 10, 6.75], "texture": "#1"},
				"east": {"uv": [9.75, 10.75, 9.25, 11.25], "texture": "#1"},
				"south": {"uv": [9.25, 10.75, 8.75, 11.25], "texture": "#1"},
				"west": {"uv": [8.75, 10.75, 8.25, 11.25], "texture": "#1"},
				"up": {"uv": [9.75, 11.25, 10.25, 10.75], "texture": "#1"},
				"down": {"uv": [3.75, 11, 4.25, 11.5], "texture": "#1"}
			}
		},
		{
			"from": [9.45, 6.7, 1.71097],
			"to": [10.8, 8.05, 3.31097],
			"rotation": {"angle": 45, "axis": "x", "origin": [10.125, 7.63304, 3.10548]},
			"faces": {
				"north": {"uv": [4.75, 11, 4.25, 11.5], "texture": "#1"},
				"east": {"uv": [6.25, 11, 5.75, 11.5], "texture": "#1"},
				"south": {"uv": [5.75, 11, 5.25, 11.5], "texture": "#1"},
				"west": {"uv": [5.25, 11, 4.75, 11.5], "texture": "#1"},
				"up": {"uv": [6.25, 11.5, 6.75, 11], "texture": "#1"},
				"down": {"uv": [6.75, 11, 7.25, 11.5], "texture": "#1"}
			}
		},
		{
			"from": [9.55, 8.07581, 0.92868],
			"to": [10.7, 10.47581, 2.07868],
			"rotation": {"angle": -22.5, "axis": "x", "origin": [10.125, 9.37581, 1.50368]},
			"faces": {
				"north": {"uv": [8.25, 9, 7.75, 9.75], "texture": "#1"},
				"east": {"uv": [3.75, 10.75, 3.25, 11.5], "texture": "#1"},
				"south": {"uv": [8.25, 10.5, 7.75, 11.25], "texture": "#1"},
				"west": {"uv": [8.25, 9.75, 7.75, 10.5], "texture": "#1"},
				"up": {"uv": [7.25, 11.5, 7.75, 11], "texture": "#1"},
				"down": {"uv": [10.25, 11, 10.75, 11.5], "texture": "#1"}
			}
		},
		{
			"from": [6.3, 2.25, 3.65],
			"to": [6.8, 3.75, 3.9],
			"rotation": {"angle": -22.5, "axis": "x", "origin": [6.55, 3, 3.775]},
			"faces": {
				"north": {"uv": [8.25, 9, 8.375, 9.375], "texture": "#1"},
				"east": {"uv": [8.25, 9.5, 8.375, 9.875], "texture": "#1"},
				"south": {"uv": [8.25, 10, 8.375, 10.375], "texture": "#1"},
				"west": {"uv": [10.75, 11, 10.875, 11.375], "texture": "#1"},
				"up": {"uv": [8.375, 4.375, 8.25, 4.25], "texture": "#1"},
				"down": {"uv": [8.625, 4.25, 8.5, 4.375], "texture": "#1"}
			}
		},
		{
			"from": [9.2, 2.25, 3.65],
			"to": [9.7, 3.75, 3.9],
			"rotation": {"angle": -22.5, "axis": "x", "origin": [9.45, 3, 3.775]},
			"faces": {
				"north": {"uv": [8.375, 9, 8.25, 9.375], "texture": "#1"},
				"east": {"uv": [10.875, 11, 10.75, 11.375], "texture": "#1"},
				"south": {"uv": [8.375, 10, 8.25, 10.375], "texture": "#1"},
				"west": {"uv": [8.375, 9.5, 8.25, 9.875], "texture": "#1"},
				"up": {"uv": [8.25, 4.375, 8.375, 4.25], "texture": "#1"},
				"down": {"uv": [8.5, 4.25, 8.625, 4.375], "texture": "#1"}
			}
		},
		{
			"from": [3.75, 0.75, 3.75],
			"to": [12.25, 10.25, 12.25],
			"rotation": {"angle": 0, "axis": "y", "origin": [7, -1, 7]},
			"faces": {
				"north": {"uv": [2.25, 0, 4.25, 2.25], "texture": "#1"},
				"east": {"uv": [2.25, 2.25, 4.25, 4.5], "texture": "#1"},
				"south": {"uv": [4.25, 0, 6.25, 2.25], "texture": "#1"},
				"west": {"uv": [4.25, 2.25, 6.25, 4.5], "texture": "#1"},
				"up": {"uv": [10.25, 4.25, 8.25, 2.25], "texture": "#1"},
				"down": {"uv": [10.5, 6.75, 8.5, 8.75], "texture": "#1"}
			}
		},
		{
			"name": "cube inverted",
			"from": [11.25, 2.75, 16.5],
			"to": [4.75, -4.75, 11],
			"rotation": {"angle": 0, "axis": "y", "origin": [7.5, -10, 13.75]},
			"faces": {
				"north": {"uv": [10, 6.25, 11.75, 4.25], "texture": "#1"},
				"east": {"uv": [0, 12.75, 1.5, 10.75], "texture": "#1"},
				"south": {"uv": [6, 11, 7.75, 9], "texture": "#1"},
				"west": {"uv": [10.5, 11, 12, 9], "texture": "#1"},
				"up": {"uv": [1.5, 10.75, 3.25, 12.25], "texture": "#1"},
				"down": {"uv": [10.25, 4.25, 12, 2.75], "texture": "#1"}
			}
		},
		{
			"name": "cube inverted",
			"from": [12, 7.8, 20],
			"to": [4, -1.2, 12],
			"rotation": {"angle": -22.5, "axis": "x", "origin": [7, -3, 15]},
			"faces": {
				"north": {"uv": [8, 6.75, 10, 4.5], "texture": "#1"},
				"east": {"uv": [8.25, 2.25, 10.25, 0], "texture": "#1"},
				"south": {"uv": [4.5, 9, 6.5, 6.75], "texture": "#1"},
				"west": {"uv": [6.5, 9, 8.5, 6.75], "texture": "#1"},
				"up": {"uv": [4, 9, 6, 11], "texture": "#1"},
				"down": {"uv": [8.5, 10.75, 10.5, 8.75], "texture": "#1"}
			}
		},
		{
			"name": "cube inverted",
			"from": [12.75, 9.6, 17.5],
			"to": [3.25, 0.1, 9],
			"rotation": {"angle": 22.5, "axis": "x", "origin": [8.5, 6.75, 13.25]},
			"faces": {
				"north": {"uv": [0, 4.5, 2.25, 2.25], "texture": "#1"},
				"east": {"uv": [6.25, 4.5, 8.25, 2.25], "texture": "#1"},
				"south": {"uv": [0, 2.25, 2.25, 0], "texture": "#1"},
				"west": {"uv": [6.25, 2.25, 8.25, 0], "texture": "#1"},
				"up": {"uv": [2.25, 6.75, 4.5, 8.75], "texture": "#1"},
				"down": {"uv": [0, 8.75, 2.25, 6.75], "texture": "#1"}
			}
		},
		{
			"name": "cube inverted",
			"from": [12.25, 10.25, 12.25],
			"to": [3.75, 0.75, 3.75],
			"rotation": {"angle": 0, "axis": "y", "origin": [7, -1, 7]},
			"faces": {
				"north": {"uv": [4.25, 2.25, 6.25, 0], "texture": "#1"},
				"east": {"uv": [4.25, 4.5, 6.25, 2.25], "texture": "#1"},
				"south": {"uv": [2.25, 2.25, 4.25, 0], "texture": "#1"},
				"west": {"uv": [2.25, 4.5, 4.25, 2.25], "texture": "#1"},
				"up": {"uv": [8.5, 6.75, 10.5, 8.75], "texture": "#1"},
				"down": {"uv": [8.25, 4.25, 10.25, 2.25], "texture": "#1"}
			}
		},
		{
			"from": [2, 9.925, 8.2],
			"to": [14, 13.925, 8.2],
			"rotation": {"angle": 45, "axis": "x", "origin": [8, 10.925, 8.2]},
			"faces": {
				"north": {"uv": [13, 2.5, 16, 3.5], "texture": "#1"},
				"east": {"uv": [11.5, 0, 11.5, 0.75], "texture": "#1"},
				"south": {"uv": [13, 1.5, 16, 2.5], "texture": "#1"},
				"west": {"uv": [11.5, 0, 11.5, 0.75], "texture": "#1"},
				"up": {"uv": [11.5, 0, 13.5, 0], "texture": "#1"},
				"down": {"uv": [11.5, 0, 13.5, 0], "texture": "#1"}
			}
		},
		{
			"from": [3.5, -1, 4],
			"to": [4.5, 0, 6],
			"rotation": {"angle": -45, "axis": "x", "origin": [2.5, 1, 4]},
			"faces": {
				"north": {"uv": [11.75, 2.5, 12, 2.75], "rotation": 180, "texture": "#1"},
				"east": {"uv": [11.75, 1.5, 12, 2], "rotation": 270, "texture": "#1"},
				"south": {"uv": [11.5, 2.5, 11.75, 2.75], "texture": "#1"},
				"west": {"uv": [11.75, 2, 12, 2.5], "rotation": 90, "texture": "#1"},
				"up": {"uv": [11.5, 2, 11.75, 2.5], "rotation": 180, "texture": "#1"},
				"down": {"uv": [11.5, 1.5, 11.75, 2], "texture": "#1"}
			}
		},
		{
			"from": [3, -3.25, 3.65],
			"to": [5, 0.75, 5.65],
			"rotation": {"angle": 22.5, "axis": "x", "origin": [4, -1.75, 4.4]},
			"faces": {
				"north": {"uv": [12, 3, 12.5, 4], "texture": "#1"},
				"east": {"uv": [12.5, 3, 13, 4], "texture": "#1"},
				"south": {"uv": [12, 2, 12.5, 3], "texture": "#1"},
				"west": {"uv": [12.5, 2, 13, 3], "texture": "#1"},
				"up": {"uv": [12, 1.5, 12.5, 2], "texture": "#1"},
				"down": {"uv": [12.5, 1.5, 13, 2], "texture": "#1"}
			}
		},
		{
			"from": [11, -3.25, 3.65],
			"to": [13, 0.75, 5.65],
			"rotation": {"angle": 22.5, "axis": "x", "origin": [12, -1.75, 4.4]},
			"faces": {
				"north": {"uv": [12.5, 3, 12, 4], "texture": "#1"},
				"east": {"uv": [13, 2, 12.5, 3], "texture": "#1"},
				"south": {"uv": [12.5, 2, 12, 3], "texture": "#1"},
				"west": {"uv": [13, 3, 12.5, 4], "texture": "#1"},
				"up": {"uv": [12.5, 1.5, 12, 2], "texture": "#1"},
				"down": {"uv": [13, 1.5, 12.5, 2], "texture": "#1"}
			}
		},
		{
			"from": [11.5, -1, 4],
			"to": [12.5, 0, 6],
			"rotation": {"angle": -45, "axis": "x", "origin": [13.5, 1, 4]},
			"faces": {
				"north": {"uv": [12, 2.5, 11.75, 2.75], "rotation": 180, "texture": "#1"},
				"east": {"uv": [11.75, 2.5, 12, 2], "rotation": 90, "texture": "#1"},
				"south": {"uv": [11.75, 2.5, 11.5, 2.75], "texture": "#1"},
				"west": {"uv": [11.75, 2, 12, 1.5], "rotation": 270, "texture": "#1"},
				"up": {"uv": [11.75, 2, 11.5, 2.5], "rotation": 180, "texture": "#1"},
				"down": {"uv": [11.75, 1.5, 11.5, 2], "texture": "#1"}
			}
		}
	],
	"display": {
		"thirdperson_righthand": {
			"rotation": [41.25, 0, 0],
			"translation": [0, 1.75, 0],
			"scale": [0.39648, 0.39648, 0.39648]
		},
		"thirdperson_lefthand": {
			"rotation": [41.25, 0, 0],
			"translation": [0, 1.75, 0],
			"scale": [0.39648, 0.39648, 0.39648]
		},
		"firstperson_righthand": {
			"scale": [0.28516, 0.28516, 0.28516]
		},
		"firstperson_lefthand": {
			"scale": [0.28516, 0.28516, 0.28516]
		},
		"ground": {
			"translation": [0, 3, 0],
			"scale": [0.5, 0.5, 0.5]
		},
		"gui": {
			"rotation": [-152.01, 48.15, -179.51],
			"translation": [0, 1.5, 0],
			"scale": [0.8, 0.8, 0.8]
		},
		"head": {
			"translation": [0, 6.5, 0],
			"scale": [1.9, 1.9, 1.9]
		}
	},
	"groups": [
		{
			"name": "group",
			"origin": [13.5, 1, 4],
			"color": 0,
			"nbt": "{}",
			"children": [0, 1, 2, 3, 4, 5, 6, 7, 8, 9, 10, 11, 12, 13, 14, 15, 16, 17, 18, 19, 20, 21, 22, 23, 24, 25]
		}
	]
}