{
	"credit": "Made with Blockbench",
	"texture_size": [32, 32],
	"textures": {
		"particle": "item/meshkovina_hat"
	},
	"elements": [
		{
			"from": [4, 2, 4],
			"to": [12, 11, 12],
			"rotation": {"angle": 0, "axis": "y", "origin": [7, 0, 9]},
			"faces": {
				"north": {"uv": [4, 4.5, 0, 9], "texture": "#particle"},
				"east": {"uv": [8, 0, 4, 4.5], "texture": "#particle"},
				"south": {"uv": [4, 0, 0, 4.5], "texture": "#particle"},
				"west": {"uv": [8, 4.5, 4, 9], "texture": "#particle"},
				"up": {"uv": [12, 9, 8, 13], "texture": "#particle"},
				"down": {"uv": [16, 4, 12, 0], "texture": "#particle"}
			}
		},
		{
			"from": [3.85, 1.85, 3.85],
			"to": [12.15, 11.15, 12.15],
			"rotation": {"angle": 0, "axis": "y", "origin": [7, 0, 9]},
			"faces": {
				"north": {"uv": [4, 9, 0, 13.5], "texture": "#particle"},
				"east": {"uv": [12, 4.5, 8, 9], "texture": "#particle"},
				"south": {"uv": [12, 0, 8, 4.5], "texture": "#particle"},
				"west": {"uv": [8, 9, 4, 13.5], "texture": "#particle"},
				"up": {"uv": [16, 4, 12, 8], "texture": "#particle"},
				"down": {"uv": [16, 12, 12, 8], "texture": "#particle"}
			}
		},
		{
			"name": "cube inverted",
			"from": [12.15, 11.15, 12.15],
			"to": [3.85, 1.85, 3.85],
			"rotation": {"angle": 0, "axis": "y", "origin": [7, 0, 9]},
			"faces": {
				"north": {"uv": [12, 4.5, 8, 0], "texture": "#particle"},
				"east": {"uv": [8, 13.5, 4, 9], "texture": "#particle"},
				"south": {"uv": [4, 13.5, 0, 9], "texture": "#particle"},
				"west": {"uv": [12, 9, 8, 4.5], "texture": "#particle"},
				"up": {"uv": [12, 12, 16, 8], "texture": "#particle"},
				"down": {"uv": [12, 4, 16, 8], "texture": "#particle"}
			}
		},
		{
			"from": [7, 11, 7],
			"to": [9, 12, 9],
			"rotation": {"angle": 0, "axis": "y", "origin": [7, 0, 9]},
			"faces": {
				"north": {"uv": [12, 13, 11, 13.5], "texture": "#particle"},
				"east": {"uv": [11, 13, 10, 13.5], "texture": "#particle"},
				"south": {"uv": [10, 13, 9, 13.5], "texture": "#particle"},
				"west": {"uv": [13, 13, 12, 13.5], "texture": "#particle"},
				"up": {"uv": [13, 12, 12, 13], "texture": "#particle"},
				"down": {"uv": [9, 14, 8, 13], "texture": "#particle"}
			}
		}
	],
	"display": {
		"thirdperson_righthand": {
			"rotation": [41.25, 0, 0],
			"translation": [0, 1.75, 0],
			"scale": [0.39648, 0.39648, 0.39648]
		},
		"thirdperson_lefthand": {
			"rotation": [41.25, 0, 0],
			"translation": [0, 1.75, 0],
			"scale": [0.39648, 0.39648, 0.39648]
		},
		"firstperson_righthand": {
			"scale": [0.28516, 0.28516, 0.28516]
		},
		"firstperson_lefthand": {
			"scale": [0.28516, 0.28516, 0.28516]
		},
		"ground": {
			"translation": [0, 3, 0],
			"scale": [0.5, 0.5, 0.5]
		},
		"gui": {
			"rotation": [-152.01, 48.15, -179.51],
			"translation": [0, 1.5, 0],
			"scale": [0.8, 0.8, 0.8]
		},
		"head": {
			"translation": [0, 3.75, 0],
			"scale": [1.9, 1.9, 1.9]
		}
	},
	"groups": [
		{
			"name": "group",
			"origin": [7, 0, 9],
			"color": 0,
			"children": [0, 1, 2, 3]
		}
	]
}