{
	"credit": "Made with Blockbench",
	"texture_size": [64, 64],
	"textures": {
		"1": "item/oppenheimer_hat"
	},
	"elements": [
		{
			"from": [0, 0, 0],
			"to": [16, 0, 16],
			"faces": {
				"up": {"uv": [0, 0, 8, 8], "texture": "#1"},
				"down": {"uv": [8, 0, 0, 8], "texture": "#1"}
			}
		},
		{
			"from": [3, 0, 3],
			"to": [13, 4, 13],
			"faces": {
				"north": {"uv": [10.5, 8.5, 15.5, 10.5], "texture": "#1"},
				"east": {"uv": [10.5, 11, 15.5, 13], "texture": "#1"},
				"south": {"uv": [10.5, 13.5, 15.5, 15.5], "texture": "#1"},
				"west": {"uv": [15.5, 11, 10.5, 13], "texture": "#1"},
				"up": {"uv": [5.5, 15.5, 0.5, 10.5], "texture": "#1"}
			}
		}
	],
	"display": {
		"thirdperson_righthand": {
			"rotation": [35, 45, 0],
			"translation": [0, 4.25, 0],
			"scale": [0.45, 0.45, 0.45]
		},
		"thirdperson_lefthand": {
			"rotation": [35, 45, 0],
			"translation": [0, 4.25, 0],
			"scale": [0.45, 0.45, 0.45]
		},
		"firstperson_righthand": {
			"rotation": [0, 45, 0],
			"translation": [0, 5.25, 0],
			"scale": [0.5, 0.5, 0.5]
		},
		"firstperson_lefthand": {
			"rotation": [0, 45, 0],
			"translation": [0, 5.25, 0],
			"scale": [0.5, 0.5, 0.5]
		},
		"ground": {
			"translation": [0, 4, 0],
			"scale": [0.5, 0.5, 0.5]
		},
		"gui": {
			"rotation": [35, -135, 0],
			"translation": [0, 3.75, 0],
			"scale": [0.75, 0.75, 0.75]
		},
		"head": {
			"translation": [0, 14, 0],
			"scale": [1.5, 1.5, 1.5]
		},
		"fixed": {
			"rotation": [-90, 0, 0],
			"translation": [0, 0, -8]
		}
	},
	"groups": [
		{
			"name": "group",
			"origin": [5.5, 3.5, 3],
			"color": 0,
			"children": [0, 1]
		}
	]
}