{
	"credit": "Made with Blockbench",
	"texture_size": [80, 32],
	"textures": {
		"0": "item/pirate",
		"particle": "item/pirate"
	},
	"elements": [
		{
			"from": [0, 2, 0],
			"to": [16, 6, 16],
			"faces": {
				"north": {"uv": [4, 10, 7.2, 12], "texture": "#0"},
				"east": {"uv": [4, 12, 7.2, 14], "texture": "#0"},
				"south": {"uv": [4, 8, 7.2, 10], "texture": "#0"},
				"west": {"uv": [4, 12, 7.2, 14], "texture": "#0"},
				"up": {"uv": [7.2, 8, 4, 0], "texture": "#0"}
			}
		},
		{
			"from": [-2, 0, 0],
			"to": [18, 2, 16],
			"faces": {
				"north": {"uv": [10.4, 14, 14.4, 15], "texture": "#0"},
				"east": {"uv": [10.4, 13, 13.6, 14], "texture": "#0"},
				"south": {"uv": [10.4, 15, 14.4, 16], "texture": "#0"},
				"west": {"uv": [10.4, 13, 13.6, 14], "texture": "#0"},
				"up": {"uv": [4, 8, 0, 0], "texture": "#0"},
				"down": {"uv": [4, 8, 0, 16], "texture": "#0"}
			}
		},
		{
			"from": [-2, 0, -0.1],
			"to": [-2, 7, 16.1],
			"rotation": {"angle": 22.5, "axis": "z", "origin": [-2, 0, 0]},
			"faces": {
				"north": {"uv": [0, 0, 0, 3.5], "texture": "#0"},
				"east": {"uv": [7.2, 13, 10.4, 16.5], "texture": "#0"},
				"south": {"uv": [0, 0, 0, 3.5], "texture": "#0"},
				"west": {"uv": [7.2, 13, 10.4, 16.5], "texture": "#0"},
				"up": {"uv": [0, 8, 0, 0], "texture": "#0"},
				"down": {"uv": [0, 0, 0, 8], "texture": "#0"}
			}
		},
		{
			"from": [-2, 0, 16.1],
			"to": [2, 7, 16.1],
			"rotation": {"angle": 22.5, "axis": "z", "origin": [-2, 0, 0.1]},
			"faces": {
				"north": {"uv": [13.2, 6.5, 14, 10], "texture": "#0"},
				"east": {"uv": [0, 0, 0, 3.5], "texture": "#0"},
				"south": {"uv": [13.2, 6.5, 14, 10], "texture": "#0"},
				"west": {"uv": [0, 0, 0, 3.5], "texture": "#0"},
				"up": {"uv": [0.8, 0, 0, 0], "texture": "#0"},
				"down": {"uv": [0.8, 0, 0, 0], "texture": "#0"}
			}
		},
		{
			"from": [-2, 0, -0.1],
			"to": [2, 7, -0.1],
			"rotation": {"angle": 22.5, "axis": "z", "origin": [-2, 0, -0.1]},
			"faces": {
				"north": {"uv": [12.4, 6.5, 13.2, 10], "texture": "#0"},
				"east": {"uv": [0, 0, 0, 3.5], "texture": "#0"},
				"south": {"uv": [12.4, 6.5, 13.2, 10], "texture": "#0"},
				"west": {"uv": [0, 0, 0, 3.5], "texture": "#0"},
				"up": {"uv": [0.8, 0, 0, 0], "texture": "#0"},
				"down": {"uv": [0.8, 0, 0, 0], "texture": "#0"}
			}
		},
		{
			"from": [17, 0, 12],
			"to": [17, 13, 16],
			"rotation": {"angle": 22.5, "axis": "x", "origin": [16, 0, 16]},
			"faces": {
				"east": {"uv": [11.6, 6.5, 10.8, 13], "texture": "#0"},
				"south": {"uv": [0, 0, 0, 6.5], "texture": "#0"},
				"west": {"uv": [10.8, 6.5, 11.6, 13], "texture": "#0"},
				"down": {"uv": [0, 0, 0, 2], "texture": "#0"}
			}
		},
		{
			"from": [-1, 0, 16],
			"to": [17, 13, 16],
			"rotation": {"angle": 22.5, "axis": "x", "origin": [16, 0, 16]},
			"faces": {
				"north": {"uv": [10.8, 0, 14.4, 6.5], "texture": "#0"},
				"south": {"uv": [10.8, 0, 14.4, 6.5], "texture": "#0"}
			}
		},
		{
			"from": [-1, 0, 12],
			"to": [-1, 13, 16],
			"rotation": {"angle": 22.5, "axis": "x", "origin": [16, 0, 16]},
			"faces": {
				"east": {"uv": [11.6, 6.5, 10.8, 13], "texture": "#0"},
				"south": {"uv": [0, 0, 0, 6.5], "texture": "#0"},
				"west": {"uv": [10.8, 6.5, 11.6, 13], "texture": "#0"},
				"down": {"uv": [0, 0, 0, 2], "texture": "#0"}
			}
		},
		{
			"from": [-1, 0, 0],
			"to": [-1, 13, 4],
			"rotation": {"angle": -22.5, "axis": "x", "origin": [0, 0, 0]},
			"faces": {
				"north": {"uv": [0, 0, 0, 6.5], "texture": "#0"},
				"east": {"uv": [10.8, 6.5, 11.6, 13], "texture": "#0"},
				"west": {"uv": [11.6, 6.5, 12.4, 13], "texture": "#0"},
				"down": {"uv": [0, 0, 0, 2], "texture": "#0"}
			}
		},
		{
			"from": [-1, 0, 0],
			"to": [17, 13, 0],
			"rotation": {"angle": -22.5, "axis": "x", "origin": [0, 0, 0]},
			"faces": {
				"north": {"uv": [7.2, 0, 10.8, 6.5], "texture": "#0"},
				"south": {"uv": [7.2, 6.5, 10.8, 13], "texture": "#0"}
			}
		},
		{
			"from": [17, 0, 0],
			"to": [17, 13, 4],
			"rotation": {"angle": -22.5, "axis": "x", "origin": [0, 0, 0]},
			"faces": {
				"north": {"uv": [0, 0, 0, 6.5], "texture": "#0"},
				"east": {"uv": [10.8, 6.5, 11.6, 13], "texture": "#0"},
				"west": {"uv": [11.6, 6.5, 10.8, 13], "texture": "#0"},
				"down": {"uv": [0, 0, 0, 2], "texture": "#0"}
			}
		},
		{
			"from": [18, 0, -0.1],
			"to": [18, 7, 16.1],
			"rotation": {"angle": -22.5, "axis": "z", "origin": [18, 0, 0]},
			"faces": {
				"north": {"uv": [0, 0, 0, 3.5], "texture": "#0"},
				"east": {"uv": [10.4, 13, 7.2, 16.5], "texture": "#0"},
				"south": {"uv": [0, 0, 0, 3.5], "texture": "#0"},
				"west": {"uv": [10.4, 13, 7.2, 16.5], "texture": "#0"},
				"up": {"uv": [0, 8, 0, 0], "texture": "#0"},
				"down": {"uv": [0, 0, 0, 8], "texture": "#0"}
			}
		},
		{
			"from": [14, 0, 16.1],
			"to": [18, 7, 16.1],
			"rotation": {"angle": -22.5, "axis": "z", "origin": [18, 0, 0.1]},
			"faces": {
				"north": {"uv": [14, 6.5, 13.2, 10], "texture": "#0"},
				"east": {"uv": [0, 0, 0, 3.5], "texture": "#0"},
				"south": {"uv": [14, 6.5, 13.2, 10], "texture": "#0"},
				"west": {"uv": [0, 0, 0, 3.5], "texture": "#0"},
				"up": {"uv": [0, 0, 0.8, 0], "texture": "#0"},
				"down": {"uv": [0, 0, 0.8, 0], "texture": "#0"}
			}
		},
		{
			"from": [14, 0, -0.1],
			"to": [18, 7, -0.1],
			"rotation": {"angle": -22.5, "axis": "z", "origin": [18, 0, -0.1]},
			"faces": {
				"north": {"uv": [13.2, 6.5, 12.4, 10], "texture": "#0"},
				"east": {"uv": [0, 0, 0, 3.5], "texture": "#0"},
				"south": {"uv": [13.2, 6.5, 12.4, 10], "texture": "#0"},
				"west": {"uv": [0, 0, 0, 3.5], "texture": "#0"},
				"up": {"uv": [0, 0, 0.8, 0], "texture": "#0"},
				"down": {"uv": [0, 0, 0.8, 0], "texture": "#0"}
			}
		}
	],
	"display": {
		"thirdperson_righthand": {
			"rotation": [0, 121, 0],
			"translation": [0, 2.25, 0],
			"scale": [0.3, 0.3, 0.3]
		},
		"thirdperson_lefthand": {
			"rotation": [0, 121, 0],
			"translation": [0, 2.25, 0],
			"scale": [0.3, 0.3, 0.3]
		},
		"firstperson_righthand": {
			"translation": [0, 1.5, 0],
			"scale": [0.3, 0.3, 0.3]
		},
		"firstperson_lefthand": {
			"translation": [0, 1.5, 0],
			"scale": [0.3, 0.3, 0.3]
		},
		"ground": {
			"scale": [0.3, 0.3, 0.3]
		},
		"gui": {
			"rotation": [25, -150, 0],
			"translation": [0, 1.5, 0],
			"scale": [0.5, 0.5, 0.5]
		},
		"head": {
			"translation": [0, 13, 0]
		},
		"fixed": {
			"rotation": [-90, 0, 0],
			"translation": [0, 0, -8]
		}
	},
	"groups": [
		{
			"name": "pirate",
			"origin": [8, 8, 8],
			"color": 0,
			"children": [
				0,
				1,
				{
					"name": "group",
					"origin": [0, 0, 0],
					"color": 0,
					"children": [2, 3, 4]
				},
				{
					"name": "group",
					"origin": [0, 0, 0],
					"color": 0,
					"children": [5, 6, 7]
				},
				{
					"name": "group",
					"origin": [0, 0, 0],
					"color": 0,
					"children": [8, 9, 10]
				},
				{
					"name": "group",
					"origin": [0, 0, 0],
					"color": 0,
					"children": [11, 12, 13]
				}
			]
		}
	]
}