{
	"credit": "Made with Blockbench",
	"texture_size": [64, 64],
	"textures": {
		"1": "item/rundsamurai_hat",
		"particle": "item/rundsamurai_hat"
	},
	"elements": [
		{
			"from": [4, 2, 4],
			"to": [12, 10, 12],
			"rotation": {"angle": 0, "axis": "y", "origin": [7, 0, 7]},
			"faces": {
				"north": {"uv": [0, 6, 2, 8], "texture": "#1"},
				"east": {"uv": [2, 6, 4, 8], "texture": "#1"},
				"south": {"uv": [4, 6, 6, 8], "texture": "#1"},
				"west": {"uv": [6, 6, 8, 8], "texture": "#1"},
				"up": {"uv": [2, 10, 0, 8], "texture": "#1"},
				"down": {"uv": [4, 8, 2, 10], "texture": "#1"}
			}
		},
		{
			"name": "cube inverted",
			"from": [12, 10, 12],
			"to": [4, 2, 4],
			"rotation": {"angle": 0, "axis": "y", "origin": [7, 0, 7]},
			"faces": {
				"north": {"uv": [4, 8, 6, 6], "texture": "#1"},
				"east": {"uv": [6, 8, 8, 6], "texture": "#1"},
				"south": {"uv": [0, 8, 2, 6], "texture": "#1"},
				"west": {"uv": [2, 8, 4, 6], "texture": "#1"},
				"up": {"uv": [2, 8, 4, 10], "texture": "#1"},
				"down": {"uv": [0, 10, 2, 8], "texture": "#1"}
			}
		},
		{
			"from": [4, -0.99929, 4.0055],
			"to": [12, 2.00071, 4.0055],
			"rotation": {"angle": 45, "axis": "x", "origin": [8, 2.01418, 4.00097]},
			"faces": {
				"north": {"uv": [9, 4, 11, 4.75], "texture": "#1"},
				"east": {"uv": [0, 0, 0, 0.75], "texture": "#1"},
				"south": {"uv": [9, 4.75, 11, 5.5], "texture": "#1"},
				"west": {"uv": [0, 0, 0, 0.75], "texture": "#1"},
				"up": {"uv": [2, 0, 0, 0], "texture": "#1"},
				"down": {"uv": [2, 0, 0, 0], "texture": "#1"}
			}
		},
		{
			"from": [7.5, 12, 7.5],
			"to": [8.5, 13, 8.5],
			"rotation": {"angle": 0, "axis": "y", "origin": [6.5, 7, 6.5]},
			"faces": {
				"north": {"uv": [2, 10, 2.25, 10.25], "texture": "#1"},
				"east": {"uv": [2.25, 10, 2.5, 10.25], "texture": "#1"},
				"south": {"uv": [2.5, 10, 2.75, 10.25], "texture": "#1"},
				"west": {"uv": [2.75, 10, 3, 10.25], "texture": "#1"},
				"up": {"uv": [3.25, 10.25, 3, 10], "texture": "#1"},
				"down": {"uv": [3.5, 10, 3.25, 10.25], "texture": "#1"}
			}
		},
		{
			"from": [7, 13, 7],
			"to": [9, 17, 9],
			"rotation": {"angle": 0, "axis": "y", "origin": [7, 11, 7]},
			"faces": {
				"north": {"uv": [0, 10, 0.5, 11], "texture": "#1"},
				"east": {"uv": [0.5, 10, 1, 11], "texture": "#1"},
				"south": {"uv": [1, 10, 1.5, 11], "texture": "#1"},
				"west": {"uv": [1.5, 10, 2, 11], "texture": "#1"},
				"up": {"uv": [9.5, 6, 9, 5.5], "texture": "#1"},
				"down": {"uv": [10, 5.5, 9.5, 6], "texture": "#1"}
			}
		},
		{
			"name": "cube inverted",
			"from": [9, 17, 9],
			"to": [7, 13, 7],
			"rotation": {"angle": 0, "axis": "y", "origin": [7, 11, 7]},
			"faces": {
				"north": {"uv": [1, 11, 1.5, 10], "texture": "#1"},
				"east": {"uv": [1.5, 11, 2, 10], "texture": "#1"},
				"south": {"uv": [0, 11, 0.5, 10], "texture": "#1"},
				"west": {"uv": [0.5, 11, 1, 10], "texture": "#1"},
				"up": {"uv": [9.5, 5.5, 10, 6], "texture": "#1"},
				"down": {"uv": [9, 6, 9.5, 5.5], "texture": "#1"}
			}
		},
		{
			"from": [16.36325, 2.22112, -1],
			"to": [16.36325, 14.22112, 17],
			"rotation": {"angle": 45, "axis": "z", "origin": [15.36325, 4.22112, 7]},
			"faces": {
				"north": {"uv": [0, 0, 0, 3], "texture": "#1"},
				"east": {"uv": [0, 0, 4.5, 3], "texture": "#1"},
				"south": {"uv": [0, 0, 0, 3], "texture": "#1"},
				"west": {"uv": [0, 3, 4.5, 6], "texture": "#1"},
				"up": {"uv": [0, 4.5, 0, 0], "texture": "#1"},
				"down": {"uv": [0, 0, 0, 4.5], "texture": "#1"}
			}
		},
		{
			"from": [-0.36396, 2.22183, -1],
			"to": [-0.36396, 14.22183, 17],
			"rotation": {"angle": -45, "axis": "z", "origin": [0.63604, 4.22183, 7]},
			"faces": {
				"north": {"uv": [0, 0, 0, 3], "texture": "#1"},
				"east": {"uv": [4.5, 0, 9, 3], "texture": "#1"},
				"south": {"uv": [0, 0, 0, 3], "texture": "#1"},
				"west": {"uv": [4.5, 3, 9, 6], "texture": "#1"},
				"up": {"uv": [0, 4.5, 0, 0], "texture": "#1"},
				"down": {"uv": [0, 0, 0, 4.5], "texture": "#1"}
			}
		},
		{
			"from": [3.8, 1.8, 3.8],
			"to": [12.2, 10.2, 12.2],
			"rotation": {"angle": 0, "axis": "y", "origin": [7, 0, 7]},
			"faces": {
				"north": {"uv": [4, 8, 6, 10], "texture": "#1"},
				"east": {"uv": [6, 8, 8, 10], "texture": "#1"},
				"south": {"uv": [8, 6, 10, 8], "texture": "#1"},
				"west": {"uv": [8, 8, 10, 10], "texture": "#1"},
				"up": {"uv": [11, 2, 9, 0], "texture": "#1"},
				"down": {"uv": [11, 2, 9, 4], "texture": "#1"}
			}
		},
		{
			"name": "cube inverted",
			"from": [12.2, 10.2, 12.2],
			"to": [3.8, 1.8, 3.8],
			"rotation": {"angle": 0, "axis": "y", "origin": [7, 0, 7]},
			"faces": {
				"north": {"uv": [8, 8, 10, 6], "texture": "#1"},
				"east": {"uv": [8, 10, 10, 8], "texture": "#1"},
				"south": {"uv": [4, 10, 6, 8], "texture": "#1"},
				"west": {"uv": [6, 10, 8, 8], "texture": "#1"},
				"up": {"uv": [9, 2, 11, 4], "texture": "#1"},
				"down": {"uv": [9, 2, 11, 0], "texture": "#1"}
			}
		},
		{
			"from": [7, 12, -1],
			"to": [9, 12, 17],
			"rotation": {"angle": 0, "axis": "y", "origin": [7, 10, -1]},
			"faces": {
				"north": {"uv": [0, 0, 0.5, 0], "texture": "#missing"},
				"east": {"uv": [0, 0, 4.5, 0], "texture": "#missing"},
				"south": {"uv": [0, 0, 0.5, 0], "texture": "#missing"},
				"west": {"uv": [0, 0, 4.5, 0], "texture": "#missing"},
				"up": {"uv": [11, 0, 11.5, 4.5], "texture": "#1"},
				"down": {"uv": [11, 0, 11.5, 4.5], "texture": "#1"}
			}
		}
	],
	"display": {
		"thirdperson_righthand": {
			"rotation": [41.25, 0, 0],
			"translation": [0, 1.75, 0],
			"scale": [0.39648, 0.39648, 0.39648]
		},
		"thirdperson_lefthand": {
			"rotation": [41.25, 0, 0],
			"translation": [0, 1.75, 0],
			"scale": [0.39648, 0.39648, 0.39648]
		},
		"firstperson_righthand": {
			"scale": [0.28516, 0.28516, 0.28516]
		},
		"firstperson_lefthand": {
			"scale": [0.28516, 0.28516, 0.28516]
		},
		"ground": {
			"translation": [0, 3, 0],
			"scale": [0.5, 0.5, 0.5]
		},
		"gui": {
			"rotation": [-152.01, 48.15, -179.51],
			"translation": [0, 1.5, 0],
			"scale": [0.8, 0.8, 0.8]
		},
		"head": {
			"rotation": [-19.25, 0, 0],
			"translation": [0, 5.5, -0.75],
			"scale": [1.9, 1.9, 1.9]
		}
	},
	"groups": [
		{
			"name": "group",
			"origin": [7, 10, -1],
			"color": 0,
			"children": [0, 1, 2, 3, 4, 5, 6, 7, 8, 9, 10]
		}
	]
}