{
	"format_version": "1.21.6",
	"credit": "ikd",
	"texture_size": [32, 32],
	"textures": {
		"1": "item/hattexture"
	},
	"elements": [
		{
			"from": [4, 0, 2],
			"to": [13, 2, 11],
			"faces": {
				"north": {"uv": [3.5, 4.5, 8, 5.5], "texture": "#1"},
				"east": {"uv": [3.5, 4.5, 8, 5.5], "texture": "#1"},
				"south": {"uv": [3.5, 4.5, 8, 5.5], "texture": "#1"},
				"west": {"uv": [3.5, 4.5, 8, 5.5], "texture": "#1"},
				"up": {"uv": [4.5, 4.5, 0, 0], "texture": "#1"},
				"down": {"uv": [0, 0, 4.5, 4.5], "texture": "#1"}
			}
		},
		{
			"from": [5, 2, 3],
			"to": [12, 11, 10],
			"rotation": {"angle": 0, "axis": "y", "origin": [0, 2, 0]},
			"faces": {
				"north": {"uv": [0, 4.5, 3.5, 9], "texture": "#1"},
				"east": {"uv": [0, 4.5, 3.5, 9], "texture": "#1"},
				"south": {"uv": [0, 4.5, 3.5, 9], "texture": "#1"},
				"west": {"uv": [0, 4.5, 3.5, 9], "texture": "#1"},
				"up": {"uv": [8, 3.5, 4.5, 0], "texture": "#1"},
				"down": {"uv": [4.5, 0, 8, 3.5], "texture": "#1"}
			}
		}
	],
	"display": {
		"thirdperson_righthand": {
			"translation": [0, 8, 0]
		},
		"thirdperson_lefthand": {
			"translation": [0, 8, 0]
		},
		"firstperson_righthand": {
			"translation": [0, 3.75, 0]
		},
		"firstperson_lefthand": {
			"translation": [0, 3.75, 0]
		},
		"ground": {
			"translation": [0, 5, 1]
		},
		"gui": {
			"rotation": [16, 32, 10],
			"translation": [-0.25, 2.25, 0]
		},
		"head": {
			"translation": [-0.75, 17, 2],
			"scale": [1.3, 1.3, 1.3]
		},
		"fixed": {
			"translation": [0, 2.25, 3]
		}
	}
}