{
	"format_version": "1.21.6",
	"credit": "Made with Blockbench",
	"texture_size": [64, 64],
	"textures": {
		"0": "item/stash",
		"particle": "item/stash"
	},
	"elements": [
		{
			"from": [1, 9, 1],
			"to": [15, 21, 15],
			"faces": {
				"north": {"uv": [8, 6.75, 11.5, 9.75], "texture": "#0"},
				"east": {"uv": [8, 9.75, 11.5, 12.75], "texture": "#0"},
				"south": {"uv": [3.5, 10.75, 7, 13.75], "texture": "#0"},
				"west": {"uv": [11.25, 3.25, 14.75, 6.25], "texture": "#0"},
				"up": {"uv": [11.25, 6.75, 7.75, 3.25], "texture": "#0"},
				"down": {"uv": [3.5, 8, 0, 11.5], "texture": "#0"}
			}
		},
		{
			"from": [0, 8.95, 0],
			"to": [16, 11, 16],
			"rotation": {"angle": 0, "axis": "y", "origin": [8, 9.975, 8]},
			"faces": {
				"north": {"uv": [11.5, 9.25, 15.5, 9.75], "texture": "#0"},
				"east": {"uv": [11.5, 9.75, 15.5, 10.25], "texture": "#0"},
				"south": {"uv": [11.5, 10.25, 15.5, 10.75], "texture": "#0"},
				"west": {"uv": [11.5, 10.75, 15.5, 11.25], "texture": "#0"},
				"up": {"uv": [4, 4, 0, 0], "texture": "#0"},
				"down": {"uv": [4, 4, 0, 8], "texture": "#0"}
			}
		},
		{
			"from": [0.675, 12, 0.675],
			"to": [15.325, 14, 15.325],
			"rotation": {"angle": 0, "axis": "y", "origin": [0, 1, 0]},
			"faces": {
				"north": {"uv": [11.75, 0.5, 15.375, 1], "texture": "#0"},
				"east": {"uv": [11.75, 1, 15.375, 1.5], "texture": "#0"},
				"south": {"uv": [11.75, 1.5, 15.375, 2], "texture": "#0"},
				"west": {"uv": [11.75, 2, 15.375, 2.5], "texture": "#0"},
				"up": {"uv": [7.625, 3.625, 4, 0], "texture": "#0"},
				"down": {"uv": [7.625, 3.75, 4, 7.375], "texture": "#0"}
			}
		},
		{
			"from": [-0.1, 12, 1.675],
			"to": [15.75, 14, 14.325],
			"rotation": {"angle": 0, "axis": "y", "origin": [-1, 1, 0]},
			"faces": {
				"north": {"uv": [11.5, 11.25, 15.5, 11.75], "texture": "#0"},
				"east": {"uv": [11.75, 2.5, 14.875, 3], "texture": "#0"},
				"south": {"uv": [11.75, 0, 15.75, 0.5], "texture": "#0"},
				"west": {"uv": [11.5, 11.75, 14.625, 12.25], "texture": "#0"},
				"up": {"uv": [8, 10.625, 4, 7.5], "texture": "#0"},
				"down": {"uv": [11.75, 0, 7.75, 3.125], "texture": "#0"}
			}
		},
		{
			"from": [2, 20, 2],
			"to": [14, 22, 14],
			"faces": {
				"north": {"uv": [11.5, 12.25, 14.5, 12.75], "texture": "#0"},
				"east": {"uv": [7, 12.75, 10, 13.25], "texture": "#0"},
				"south": {"uv": [10, 12.75, 13, 13.25], "texture": "#0"},
				"west": {"uv": [13, 12.75, 16, 13.25], "texture": "#0"},
				"up": {"uv": [3, 14.5, 0, 11.5], "texture": "#0"},
				"down": {"uv": [14.5, 6.25, 11.5, 9.25], "texture": "#0"}
			}
		},
		{
			"from": [15.52918, 1.67827, 7],
			"to": [15.52918, 9.67827, 9],
			"rotation": {"angle": 0, "axis": "z", "origin": [15.52918, 5.17827, 8]},
			"faces": {
				"north": {"uv": [0, 0, 0, 2], "texture": "#0"},
				"east": {"uv": [3.5, 8, 4, 10], "texture": "#0"},
				"south": {"uv": [0, 0, 0, 2], "texture": "#0"},
				"west": {"uv": [3, 11.5, 3.5, 13.5], "texture": "#0"},
				"up": {"uv": [0, 0.5, 0, 0], "texture": "#0"},
				"down": {"uv": [0, 0, 0, 0.5], "texture": "#0"}
			}
		},
		{
			"from": [0.52918, 2.67827, 7],
			"to": [0.52918, 9.67827, 9],
			"rotation": {"angle": 0, "axis": "y", "origin": [0.52918, 5.17827, 8]},
			"faces": {
				"north": {"uv": [0, 0, 0, 2], "texture": "#0"},
				"east": {"uv": [3.5, 8, 4, 10], "texture": "#0"},
				"south": {"uv": [0, 0, 0, 2], "texture": "#0"},
				"west": {"uv": [3, 11.5, 3.5, 13.5], "texture": "#0"},
				"up": {"uv": [0, 0.5, 0, 0], "texture": "#0"},
				"down": {"uv": [0, 0, 0, 0.5], "texture": "#0"}
			}
		},
		{
			"from": [10, 12.275, 0.95],
			"to": [13, 16.275, 0.95],
			"rotation": {"angle": 0, "axis": "y", "origin": [10, 12.275, 0.95]},
			"faces": {
				"north": {"uv": [8.75, 13.25, 9.5, 14.25], "texture": "#0"},
				"east": {"uv": [0, 0, 0, 1], "texture": "#0"},
				"south": {"uv": [9.5, 13.25, 10.25, 14.25], "texture": "#0"},
				"west": {"uv": [0, 0, 0, 1], "texture": "#0"},
				"up": {"uv": [0.75, 0, 0, 0], "texture": "#0"},
				"down": {"uv": [0.75, 0, 0, 0], "texture": "#0"}
			}
		},
		{
			"from": [10, 11.45, -0.05],
			"to": [13, 14.275, -0.05],
			"rotation": {"angle": 22.5, "axis": "x", "origin": [10, 10.275, -0.05]},
			"faces": {
				"north": {"uv": [11.25, 13.25, 12, 14], "texture": "#0"},
				"east": {"uv": [0, 0, 0, 0.75], "texture": "#0"},
				"south": {"uv": [12, 13.25, 12.75, 14], "texture": "#0"},
				"west": {"uv": [0, 0, 0, 0.75], "texture": "#0"},
				"up": {"uv": [0.75, 0, 0, 0], "texture": "#0"},
				"down": {"uv": [0.75, 0, 0, 0], "texture": "#0"}
			}
		},
		{
			"from": [0, 11.75, 5],
			"to": [2, 17, 8],
			"rotation": {"angle": 0, "axis": "y", "origin": [0, 12, 5]},
			"faces": {
				"north": {"uv": [10.25, 13.25, 10.75, 14.625], "texture": "#0"},
				"east": {"uv": [7, 10.75, 7.75, 12.125], "texture": "#0"},
				"south": {"uv": [10.75, 13.25, 11.25, 14.625], "texture": "#0"},
				"west": {"uv": [7, 13.25, 7.75, 14.625], "texture": "#0"},
				"up": {"uv": [4, 10.75, 3.5, 10], "texture": "#0"},
				"down": {"uv": [13.25, 13.25, 12.75, 14], "texture": "#0"}
			}
		}
	],
	"display": {
		"thirdperson_righthand": {
			"scale": [0.31, 0.33, 0.33]
		},
		"thirdperson_lefthand": {
			"scale": [0.33, 0.33, 0.33]
		},
		"firstperson_righthand": {
			"translation": [0, -0.25, 0],
			"scale": [0.57, 0.53, 0.54]
		},
		"firstperson_lefthand": {
			"scale": [0.59, 0.59, 0.57]
		},
		"ground": {
			"scale": [0.49, 0.48, 0.47]
		},
		"gui": {
			"rotation": [-164.5, 28.25, -180],
			"translation": [0, -2.75, 0],
			"scale": [0.62, 0.60547, 0.6]
		},
		"head": {
			"rotation": [-1, 0, 0],
			"translation": [0, -4.5, 0],
			"scale": [1.11, 1.08063, 1.11]
		},
		"fixed": {
			"translation": [0, -5.25, 0]
		}
	}
}