{
	"credit": "Made with Blockbench",
	"texture_size": [64, 64],
	"textures": {
		"1": "item/toilet_paper"
	},
	"elements": [
		{
			"from": [2, 0, 5],
			"to": [4, 8, 13],
			"rotation": {"angle": 0, "axis": "y", "origin": [1, 0, 9]},
			"faces": {
				"north": {"uv": [1.5, 6, 2, 8], "texture": "#1"},
				"east": {"uv": [0, 0, 2, 2], "texture": "#1"},
				"south": {"uv": [2, 6, 2.5, 8], "texture": "#1"},
				"west": {"uv": [0, 2, 2, 4], "texture": "#1"},
				"up": {"uv": [6.5, 4, 6, 2], "texture": "#1"},
				"down": {"uv": [3, 6, 2.5, 8], "texture": "#1"}
			}
		},
		{
			"from": [8, 0, 5],
			"to": [10, 8, 13],
			"rotation": {"angle": 0, "axis": "y", "origin": [7, 0, 9]},
			"faces": {
				"north": {"uv": [3, 6, 3.5, 8], "texture": "#1"},
				"east": {"uv": [2, 0, 4, 2], "texture": "#1"},
				"south": {"uv": [3.5, 6, 4, 8], "texture": "#1"},
				"west": {"uv": [2, 2, 4, 4], "texture": "#1"},
				"up": {"uv": [4.5, 8, 4, 6], "texture": "#1"},
				"down": {"uv": [6.5, 4, 6, 6], "texture": "#1"}
			}
		},
		{
			"from": [10, 0, 12],
			"to": [15, 8, 12],
			"rotation": {"angle": 0, "axis": "y", "origin": [7, 0, 8]},
			"faces": {
				"north": {"uv": [5, 2, 6, 4], "texture": "#1"},
				"east": {"uv": [7, 2, 7.25, 4], "texture": "#1"},
				"south": {"uv": [5, 4, 6, 6], "texture": "#1"},
				"west": {"uv": [7, 4, 7.25, 6], "texture": "#1"},
				"up": {"uv": [8.25, 4.25, 7.25, 4], "texture": "#1"},
				"down": {"uv": [8.25, 4.25, 7.25, 4.5], "texture": "#1"}
			}
		},
		{
			"from": [4, 0, 11],
			"to": [8, 8, 13],
			"rotation": {"angle": 0, "axis": "y", "origin": [5, 0, 9]},
			"faces": {
				"north": {"uv": [4, 2, 5, 4], "texture": "#1"},
				"east": {"uv": [4.5, 6, 5, 8], "texture": "#1"},
				"south": {"uv": [3, 4, 4, 6], "texture": "#1"},
				"west": {"uv": [5, 6, 5.5, 8], "texture": "#1"},
				"up": {"uv": [8, 0.5, 7, 0], "texture": "#1"},
				"down": {"uv": [8, 0.5, 7, 1], "texture": "#1"}
			}
		},
		{
			"from": [4, 0, 5],
			"to": [8, 8, 7],
			"rotation": {"angle": 0, "axis": "y", "origin": [5, 0, 3]},
			"faces": {
				"north": {"uv": [4, 4, 5, 6], "texture": "#1"},
				"east": {"uv": [5.5, 6, 6, 8], "texture": "#1"},
				"south": {"uv": [5, 0, 6, 2], "texture": "#1"},
				"west": {"uv": [6, 6, 6.5, 8], "texture": "#1"},
				"up": {"uv": [8, 1.5, 7, 1], "texture": "#1"},
				"down": {"uv": [8, 1.5, 7, 2], "texture": "#1"}
			}
		}
	],
	"display": {
		"thirdperson_righthand": {
			"rotation": [37, 56, 0],
			"translation": [0, 3.75, 1.25],
			"scale": [0.45, 0.45, 0.45]
		},
		"thirdperson_lefthand": {
			"rotation": [37, 56, 0],
			"translation": [0, 3.75, 1.25],
			"scale": [0.45, 0.45, 0.45]
		},
		"firstperson_righthand": {
			"rotation": [0, 37, 0],
			"translation": [0, 4.75, 0],
			"scale": [0.52, 0.52, 0.52]
		},
		"firstperson_lefthand": {
			"rotation": [0, 37, 0],
			"translation": [0, 4.75, 0],
			"scale": [0.52, 0.52, 0.52]
		},
		"ground": {
			"translation": [0, 3.25, 0],
			"scale": [0.7, 0.7, 0.7]
		},
		"gui": {
			"rotation": [25, 142, 0],
			"translation": [-1.5, 2.75, 0],
			"scale": [0.95, 0.95, 0.95]
		},
		"head": {
			"rotation": [0, -31, 0],
			"translation": [1, 12.25, -0.75],
			"scale": [0.73, 0.73, 0.73]
		}
	}
}