{
	"credit": "Made with Blockbench",
	"texture_size": [32, 32],
	"textures": {
		"0": "item/traffic_cone",
		"particle": "item/traffic_cone"
	},
	"elements": [
		{
			"from": [4, 0, 4],
			"to": [12, 3, 12],
			"rotation": {"angle": 0, "axis": "y", "origin": [4, 0, 10]},
			"faces": {
				"north": {"uv": [4, 6, 8, 7.5], "texture": "#0"},
				"east": {"uv": [7, 0, 11, 1.5], "texture": "#0"},
				"south": {"uv": [7, 1.5, 11, 3], "texture": "#0"},
				"west": {"uv": [7, 3, 11, 4.5], "texture": "#0"},
				"up": {"uv": [4, 4, 0, 0], "texture": "#0"},
				"down": {"uv": [4, 4, 0, 8], "texture": "#0"}
			}
		},
		{
			"from": [5, 3, 5],
			"to": [11, 7, 11],
			"rotation": {"angle": 0, "axis": "y", "origin": [4, 3, 10]},
			"faces": {
				"north": {"uv": [4, 7.5, 7, 9.5], "texture": "#0"},
				"east": {"uv": [7, 7.5, 10, 9.5], "texture": "#0"},
				"south": {"uv": [0, 8, 3, 10], "texture": "#0"},
				"west": {"uv": [8, 4.5, 11, 6.5], "texture": "#0"},
				"up": {"uv": [7, 3, 4, 0], "texture": "#0"},
				"down": {"uv": [7, 3, 4, 6], "texture": "#0"}
			}
		},
		{
			"from": [6, 7, 6],
			"to": [10, 11, 10],
			"rotation": {"angle": 0, "axis": "y", "origin": [4, 6, 10]},
			"faces": {
				"north": {"uv": [3, 9.5, 5, 11.5], "texture": "#0"},
				"east": {"uv": [5, 9.5, 7, 11.5], "texture": "#0"},
				"south": {"uv": [7, 9.5, 9, 11.5], "texture": "#0"},
				"west": {"uv": [9, 9.5, 11, 11.5], "texture": "#0"},
				"up": {"uv": [2, 12, 0, 10], "texture": "#0"},
				"down": {"uv": [12, 6.5, 10, 8.5], "texture": "#0"}
			}
		},
		{
			"from": [7, 11, 7],
			"to": [9, 14, 9],
			"rotation": {"angle": 0, "axis": "y", "origin": [4, 11, 10]},
			"faces": {
				"north": {"uv": [7, 4.5, 8, 6], "texture": "#0"},
				"east": {"uv": [3, 8, 4, 9.5], "texture": "#0"},
				"south": {"uv": [2, 10, 3, 11.5], "texture": "#0"},
				"west": {"uv": [11, 0, 12, 1.5], "texture": "#0"},
				"up": {"uv": [9, 7.5, 8, 6.5], "texture": "#0"},
				"down": {"uv": [10, 6.5, 9, 7.5], "texture": "#0"}
			}
		}
	],
	"display": {
		"thirdperson_righthand": {
			"rotation": [37, 56, 0],
			"translation": [0, 3.75, 1.25],
			"scale": [0.45, 0.45, 0.45]
		},
		"thirdperson_lefthand": {
			"rotation": [37, 56, 0],
			"translation": [0, 3.75, 1.25],
			"scale": [0.45, 0.45, 0.45]
		},
		"firstperson_righthand": {
			"rotation": [0, 37, 0],
			"translation": [0, 4.75, 0],
			"scale": [0.52, 0.52, 0.52]
		},
		"firstperson_lefthand": {
			"rotation": [0, 37, 0],
			"translation": [0, 4.75, 0],
			"scale": [0.52, 0.52, 0.52]
		},
		"ground": {
			"translation": [0, 3.25, 0],
			"scale": [0.7, 0.7, 0.7]
		},
		"gui": {
			"rotation": [25, 142, 0],
			"translation": [0, 1.75, 0],
			"scale": [0.95, 0.95, 0.95]
		},
		"head": {
			"translation": [0, 16.5, 0],
			"scale": [1.27, 1.27, 1.27]
		}
	}
}