{
	"credit": "Made by Startastic",
	"parent": "carved_pumpkin",
	"texture_size": [64, 64],
	"textures": {
		"0": "item/ushanka_side_dark",
		"1": "item/ushanka_grey_hat",
		"particle": "item/ushanka_side_dark"
	},
	"elements": [
		{
			"from": [4, -1, 12.5],
			"to": [12.25, 0.25, 12.75],
			"faces": {
				"north": {"uv": [0, 5, 4, 5.5], "texture": "#0"},
				"east": {"uv": [6, 8.5, 6.5, 9], "texture": "#0"},
				"south": {"uv": [5, 2, 9, 2.5], "texture": "#0"},
				"west": {"uv": [8.5, 6.5, 9, 7], "texture": "#0"},
				"up": {"uv": [9, 3, 5, 2.5], "texture": "#0"},
				"down": {"uv": [9, 3, 5, 3.5], "texture": "#0"}
			}
		},
		{
			"from": [3, -1, 10.75],
			"to": [3.25, 0.25, 12.25],
			"faces": {
				"north": {"uv": [8.5, 8, 9, 8.5], "texture": "#0"},
				"east": {"uv": [8, 7, 9, 7.5], "texture": "#0"},
				"south": {"uv": [8.5, 8.5, 9, 9], "texture": "#0"},
				"west": {"uv": [8, 7.5, 9, 8], "texture": "#0"},
				"up": {"uv": [8.5, 9, 8, 8], "texture": "#0"},
				"down": {"uv": [0.5, 8.5, 0, 9.5], "texture": "#0"}
			}
		},
		{
			"from": [12.75, -1, 10.75],
			"to": [13, 0.25, 12.25],
			"faces": {
				"north": {"uv": [0.5, 9, 1, 9.5], "texture": "#0"},
				"east": {"uv": [0.5, 8.5, 1.5, 9], "texture": "#0"},
				"south": {"uv": [1, 9, 1.5, 9.5], "texture": "#0"},
				"west": {"uv": [5, 8.5, 6, 9], "texture": "#0"},
				"up": {"uv": [2, 9.5, 1.5, 8.5], "texture": "#0"},
				"down": {"uv": [9, 5.5, 8.5, 6.5], "texture": "#0"}
			}
		},
		{
			"from": [4.25, 0.25, 2.5],
			"to": [11.75, 5.5, 4],
			"faces": {
				"north": {"uv": [0, 0, 4, 2.5], "texture": "#0"},
				"east": {"uv": [4, 2, 5, 4.5], "texture": "#0"},
				"south": {"uv": [0, 2.5, 4, 5], "texture": "#0"},
				"west": {"uv": [4, 4.5, 5, 7], "texture": "#0"},
				"up": {"uv": [8, 1, 4, 0], "texture": "#0"},
				"down": {"uv": [8, 1, 4, 2], "texture": "#0"}
			}
		},
		{
			"from": [4.25, 4.25, 4],
			"to": [11.75, 5.5, 5],
			"faces": {
				"north": {"uv": [5, 3.5, 9, 4], "texture": "#0"},
				"east": {"uv": [9, 2, 9.5, 2.5], "texture": "#0"},
				"south": {"uv": [5, 4, 9, 4.5], "texture": "#0"},
				"west": {"uv": [9, 2.5, 9.5, 3], "texture": "#0"},
				"up": {"uv": [9, 5, 5, 4.5], "texture": "#0"},
				"down": {"uv": [9, 5, 5, 5.5], "texture": "#0"}
			}
		},
		{
			"from": [12, -4.25, 7.5],
			"to": [13, -3.25, 10.75],
			"rotation": {"angle": 22.5, "axis": "z", "origin": [12.25, 0, 9]},
			"faces": {
				"north": {"uv": [9, 3, 9.5, 3.5], "texture": "#0"},
				"east": {"uv": [8, 0.5, 9.5, 1], "texture": "#0"},
				"south": {"uv": [9, 3.5, 9.5, 4], "texture": "#0"},
				"west": {"uv": [8, 1, 9.5, 1.5], "texture": "#0"},
				"up": {"uv": [3.5, 9.5, 3, 8], "texture": "#0"},
				"down": {"uv": [4, 8, 3.5, 9.5], "texture": "#0"}
			}
		},
		{
			"from": [12.25, -0.25, 4],
			"to": [13, 1, 7.5],
			"faces": {
				"north": {"uv": [4, 9, 4.5, 9.5], "texture": "#0"},
				"east": {"uv": [2, 5.5, 4, 6], "texture": "#0"},
				"south": {"uv": [9, 4, 9.5, 4.5], "texture": "#0"},
				"west": {"uv": [5, 5.5, 7, 6], "texture": "#0"},
				"up": {"uv": [2.5, 8, 2, 6], "texture": "#0"},
				"down": {"uv": [3, 6, 2.5, 8], "texture": "#0"}
			}
		},
		{
			"from": [12, -4, 6.5],
			"to": [13, 1, 7.5],
			"rotation": {"angle": 22.5, "axis": "z", "origin": [12.25, 0, 9]},
			"faces": {
				"north": {"uv": [0, 5.5, 0.5, 8], "texture": "#0"},
				"east": {"uv": [0.5, 5.5, 1, 8], "texture": "#0"},
				"south": {"uv": [1, 5.5, 1.5, 8], "texture": "#0"},
				"west": {"uv": [1.5, 5.5, 2, 8], "texture": "#0"},
				"up": {"uv": [5, 9.5, 4.5, 9], "texture": "#0"},
				"down": {"uv": [9.5, 4.5, 9, 5], "texture": "#0"}
			}
		},
		{
			"from": [12, -4, 10.75],
			"to": [13, 0, 11.75],
			"rotation": {"angle": 22.5, "axis": "z", "origin": [12.25, 0, 9]},
			"faces": {
				"north": {"uv": [3, 6, 3.5, 8], "texture": "#0"},
				"east": {"uv": [3.5, 6, 4, 8], "texture": "#0"},
				"south": {"uv": [5, 6, 5.5, 8], "texture": "#0"},
				"west": {"uv": [5.5, 6, 6, 8], "texture": "#0"},
				"up": {"uv": [5.5, 9.5, 5, 9], "texture": "#0"},
				"down": {"uv": [9.5, 5, 9, 5.5], "texture": "#0"}
			}
		},
		{
			"from": [3, -4, 10.75],
			"to": [4, 0, 11.75],
			"rotation": {"angle": -22.5, "axis": "z", "origin": [3.75, 0, 9]},
			"faces": {
				"north": {"uv": [6, 6, 6.5, 8], "texture": "#0"},
				"east": {"uv": [6.5, 6, 7, 8], "texture": "#0"},
				"south": {"uv": [4, 7, 4.5, 9], "texture": "#0"},
				"west": {"uv": [4.5, 7, 5, 9], "texture": "#0"},
				"up": {"uv": [6, 9.5, 5.5, 9], "texture": "#0"},
				"down": {"uv": [9.5, 5.5, 9, 6], "texture": "#0"}
			}
		},
		{
			"from": [3, -4.25, 7.5],
			"to": [4, -3.25, 10.75],
			"rotation": {"angle": -22.5, "axis": "z", "origin": [3.75, 0, 9]},
			"faces": {
				"north": {"uv": [6, 9, 6.5, 9.5], "texture": "#0"},
				"east": {"uv": [8, 1.5, 9.5, 2], "texture": "#0"},
				"south": {"uv": [9, 6, 9.5, 6.5], "texture": "#0"},
				"west": {"uv": [5, 8, 6.5, 8.5], "texture": "#0"},
				"up": {"uv": [8.5, 7, 8, 5.5], "texture": "#0"},
				"down": {"uv": [7, 8, 6.5, 9.5], "texture": "#0"}
			}
		},
		{
			"from": [3, -4, 6.5],
			"to": [4, 0, 7.5],
			"rotation": {"angle": -22.5, "axis": "z", "origin": [3.75, 0, 9]},
			"faces": {
				"north": {"uv": [7, 5.5, 7.5, 7.5], "texture": "#0"},
				"east": {"uv": [7.5, 5.5, 8, 7.5], "texture": "#0"},
				"south": {"uv": [7, 7.5, 7.5, 9.5], "texture": "#0"},
				"west": {"uv": [7.5, 7.5, 8, 9.5], "texture": "#0"},
				"up": {"uv": [9.5, 7, 9, 6.5], "texture": "#0"},
				"down": {"uv": [9.5, 7, 9, 7.5], "texture": "#0"}
			}
		},
		{
			"from": [3, -0.25, 4],
			"to": [3.75, 1, 7.5],
			"faces": {
				"north": {"uv": [9, 7.5, 9.5, 8], "texture": "#0"},
				"east": {"uv": [0, 8, 2, 8.5], "texture": "#0"},
				"south": {"uv": [8, 9, 8.5, 9.5], "texture": "#0"},
				"west": {"uv": [8, 0, 10, 0.5], "texture": "#0"},
				"up": {"uv": [2.5, 10, 2, 8], "texture": "#0"},
				"down": {"uv": [3, 8, 2.5, 10], "texture": "#0"}
			}
		},
		{
			"from": [3.25, -1, 7.25],
			"to": [12.75, 0.25, 12.5],
			"faces": {
				"north": {"uv": [4.75, 2, 7.25, 2.25], "texture": "#1"},
				"east": {"uv": [0.75, 6.25, 2, 6.5], "texture": "#1"},
				"south": {"uv": [4.75, 2.25, 7.25, 2.5], "texture": "#1"},
				"west": {"uv": [6.25, 6.25, 7.5, 6.5], "texture": "#1"},
				"up": {"uv": [4.75, 1.25, 2.25, 0], "texture": "#1"},
				"down": {"uv": [4.75, 1.25, 2.25, 2.5], "texture": "#1"}
			}
		},
		{
			"from": [3.25, 0, 3.5],
			"to": [4.25, 4.25, 4],
			"faces": {
				"north": {"uv": [2, 4, 2.25, 5], "texture": "#1"},
				"east": {"uv": [0.75, 6.5, 1, 7.5], "texture": "#1"},
				"south": {"uv": [1, 6.5, 1.25, 7.5], "texture": "#1"},
				"west": {"uv": [1.25, 6.5, 1.5, 7.5], "texture": "#1"},
				"up": {"uv": [6.75, 3.75, 6.5, 3.5], "texture": "#1"},
				"down": {"uv": [7.25, 1.25, 7, 1.5], "texture": "#1"}
			}
		},
		{
			"from": [3.25, 0.25, 4],
			"to": [4.25, 4.25, 12.5],
			"faces": {
				"north": {"uv": [1.5, 6.5, 1.75, 7.5], "texture": "#1"},
				"east": {"uv": [4.5, 3.75, 6.75, 4.75], "texture": "#1"},
				"south": {"uv": [1.75, 6.5, 2, 7.5], "texture": "#1"},
				"west": {"uv": [4.75, 0, 7, 1], "texture": "#1"},
				"up": {"uv": [6.25, 8, 6, 5.75], "texture": "#1"},
				"down": {"uv": [0.25, 6.25, 0, 8.5], "texture": "#1"}
			}
		},
		{
			"from": [3.25, -0.25, 7.5],
			"to": [4.25, 0, 10.75],
			"faces": {
				"north": {"uv": [7, 1.5, 7.25, 1.75], "texture": "#1"},
				"east": {"uv": [6.75, 5.5, 7.5, 5.75], "texture": "#1"},
				"south": {"uv": [7, 1.75, 7.25, 2], "texture": "#1"},
				"west": {"uv": [7, 1, 7.75, 1.25], "texture": "#1"},
				"up": {"uv": [4.25, 5.75, 4, 5], "texture": "#1"},
				"down": {"uv": [4.5, 5, 4.25, 5.75], "texture": "#1"}
			}
		},
		{
			"from": [11.75, 0, 3.5],
			"to": [12.75, 4.25, 4],
			"faces": {
				"north": {"uv": [6.5, 2.5, 6.75, 3.5], "texture": "#1"},
				"east": {"uv": [6.25, 6.5, 6.5, 7.5], "texture": "#1"},
				"south": {"uv": [6.5, 6.5, 6.75, 7.5], "texture": "#1"},
				"west": {"uv": [6.75, 2.5, 7, 3.5], "texture": "#1"},
				"up": {"uv": [2.25, 7.25, 2, 7], "texture": "#1"},
				"down": {"uv": [2.5, 7, 2.25, 7.25], "texture": "#1"}
			}
		},
		{
			"from": [11.75, 0.25, 4],
			"to": [12.75, 4.25, 12.5],
			"faces": {
				"north": {"uv": [6.75, 3.5, 7, 4.5], "texture": "#1"},
				"east": {"uv": [4.75, 1, 7, 2], "texture": "#1"},
				"south": {"uv": [4, 6.75, 4.25, 7.75], "texture": "#1"},
				"west": {"uv": [4.5, 4.75, 6.75, 5.75], "texture": "#1"},
				"up": {"uv": [0.5, 8.5, 0.25, 6.25], "texture": "#1"},
				"down": {"uv": [0.75, 6.25, 0.5, 8.5], "texture": "#1"}
			}
		},
		{
			"from": [3.75, 0, 4],
			"to": [12.25, 5, 12],
			"faces": {
				"north": {"uv": [2.25, 2.5, 4.5, 3.75], "texture": "#1"},
				"east": {"uv": [0, 4, 2, 5.25], "texture": "#1"},
				"south": {"uv": [2.25, 3.75, 4.5, 5], "texture": "#1"},
				"west": {"uv": [4.5, 2.5, 6.5, 3.75], "texture": "#1"},
				"up": {"uv": [2.25, 2, 0, 0], "texture": "#1"},
				"down": {"uv": [2.25, 2, 0, 4], "texture": "#1"}
			}
		},
		{
			"from": [4.25, 0, 12],
			"to": [11.75, 4.25, 12.5],
			"faces": {
				"north": {"uv": [2, 5, 4, 6], "texture": "#1"},
				"east": {"uv": [4.25, 6.75, 4.5, 7.75], "texture": "#1"},
				"south": {"uv": [0, 5.25, 2, 6.25], "texture": "#1"},
				"west": {"uv": [4.5, 6.75, 4.75, 7.75], "texture": "#1"},
				"up": {"uv": [8.25, 6, 6.25, 5.75], "texture": "#1"},
				"down": {"uv": [8.25, 6, 6.25, 6.25], "texture": "#1"}
			}
		},
		{
			"from": [3.25, -3.25, 7],
			"to": [4.25, 1, 11],
			"rotation": {"angle": -22.5, "axis": "z", "origin": [3.75, 0, 9]},
			"faces": {
				"north": {"uv": [5.5, 6.75, 5.75, 7.75], "texture": "#1"},
				"east": {"uv": [2, 6, 3, 7], "texture": "#1"},
				"south": {"uv": [5.75, 6.75, 6, 7.75], "texture": "#1"},
				"west": {"uv": [3, 6, 4, 7], "texture": "#1"},
				"up": {"uv": [7, 7.5, 6.75, 6.5], "texture": "#1"},
				"down": {"uv": [7.25, 0, 7, 1], "texture": "#1"}
			}
		},
		{
			"from": [11.75, -3.25, 7],
			"to": [12.75, 1, 11],
			"rotation": {"angle": 22.5, "axis": "z", "origin": [12.25, 0, 9]},
			"faces": {
				"north": {"uv": [6.75, 4.5, 7, 5.5], "texture": "#1"},
				"east": {"uv": [4, 5.75, 5, 6.75], "texture": "#1"},
				"south": {"uv": [4.75, 6.75, 5, 7.75], "texture": "#1"},
				"west": {"uv": [5, 5.75, 6, 6.75], "texture": "#1"},
				"up": {"uv": [5.25, 7.75, 5, 6.75], "texture": "#1"},
				"down": {"uv": [5.5, 6.75, 5.25, 7.75], "texture": "#1"}
			}
		}
	],
	"display": {
		"gui": {
			"rotation": [-165.5, 24.25, -180],
			"translation": [-0.25, 6.5, 0]
		},
		"head": {
			"rotation": [2.5, 0, 0],
			"translation": [0, 13.25, 0.5],
			"scale": [1.65, 1.65, 1.65]
		}
	},
	"groups": [
		{
			"name": "side",
			"origin": [0, 0, 0],
			"color": 0,
			"children": [0, 1, 2, 3, 4, 5, 6, 7, 8, 9, 10, 11, 12]
		},
		{
			"name": "main",
			"origin": [3.75, 0, 9],
			"color": 0,
			"children": [13, 14, 15, 16, 17, 18, 19, 20, 21, 22]
		}
	]
}