{
	"credit": "Made with Blockbench",
	"texture_size": [64, 64],
	"textures": {
		"1": "item/viking_hat",
		"particle": "item/viking_hat"
	},
	"elements": [
		{
			"from": [4, 2, 4],
			"to": [12, 11, 12],
			"rotation": {"angle": 0, "axis": "y", "origin": [7, 0, 7]},
			"faces": {
				"north": {"uv": [4, 0, 6, 2.25], "texture": "#1"},
				"east": {"uv": [4, 2.25, 6, 4.5], "texture": "#1"},
				"south": {"uv": [4, 4.5, 6, 6.75], "texture": "#1"},
				"west": {"uv": [0, 5, 2, 7.25], "texture": "#1"},
				"up": {"uv": [4, 7, 2, 5], "texture": "#1"},
				"down": {"uv": [8, 0, 6, 2], "texture": "#1"}
			}
		},
		{
			"name": "cube inverted",
			"from": [12, 11, 12],
			"to": [4, 2, 4],
			"rotation": {"angle": 0, "axis": "y", "origin": [7, 0, 7]},
			"faces": {
				"north": {"uv": [4, 6.75, 6, 4.5], "texture": "#1"},
				"east": {"uv": [0, 7.25, 2, 5], "texture": "#1"},
				"south": {"uv": [4, 2.25, 6, 0], "texture": "#1"},
				"west": {"uv": [4, 4.5, 6, 2.25], "texture": "#1"},
				"up": {"uv": [6, 0, 8, 2], "texture": "#1"},
				"down": {"uv": [2, 7, 4, 5], "texture": "#1"}
			}
		},
		{
			"from": [0, 6, 6],
			"to": [3, 9, 9],
			"rotation": {"angle": 0, "axis": "y", "origin": [7, -1, 7]},
			"faces": {
				"north": {"uv": [0.5, 7.75, 1.25, 8.5], "texture": "#1"},
				"east": {"uv": [1.25, 7.75, 2, 8.5], "texture": "#1"},
				"south": {"uv": [5.75, 7.75, 6.5, 8.5], "texture": "#1"},
				"west": {"uv": [7.75, 6, 8.5, 6.75], "texture": "#1"},
				"up": {"uv": [7.25, 8.5, 6.5, 7.75], "texture": "#1"},
				"down": {"uv": [8.75, 0, 8, 0.75], "texture": "#1"}
			}
		},
		{
			"from": [-2, 7, 1],
			"to": [0, 9, 8],
			"rotation": {"angle": 22.5, "axis": "x", "origin": [-1.5, 8.5, 6.5]},
			"faces": {
				"north": {"uv": [2.5, 8, 3, 8.5], "texture": "#1"},
				"east": {"uv": [7.5, 7.25, 5.75, 7.75], "texture": "#1"},
				"south": {"uv": [3, 8, 3.5, 8.5], "texture": "#1"},
				"west": {"uv": [5.75, 7.25, 7.5, 7.75], "texture": "#1"},
				"up": {"uv": [8, 9, 7.5, 7.25], "texture": "#1"},
				"down": {"uv": [0.5, 7.75, 0, 9.5], "texture": "#1"}
			}
		},
		{
			"from": [-1.25, 7.25, -0.5],
			"to": [1.25, 8.75, 1],
			"rotation": {"angle": 22.5, "axis": "x", "origin": [-1.5, 8.5, 6.5]},
			"faces": {
				"north": {"uv": [7.75, 6.75, 8.5, 7.25], "texture": "#1"},
				"east": {"uv": [8, 3.25, 8.5, 3.75], "texture": "#1"},
				"south": {"uv": [8, 0.75, 8.75, 1.25], "texture": "#1"},
				"west": {"uv": [3.5, 8, 4, 8.5], "texture": "#1"},
				"up": {"uv": [8.75, 1.75, 8, 1.25], "texture": "#1"},
				"down": {"uv": [8.75, 1.75, 8, 2.25], "texture": "#1"}
			}
		},
		{
			"from": [0.5, 7.5, -1.5],
			"to": [2.5, 8.5, -0.5],
			"rotation": {"angle": 22.5, "axis": "x", "origin": [-1.5, 8.5, 6.5]},
			"faces": {
				"north": {"uv": [8, 3.75, 8.625, 4.125], "texture": "#1"},
				"east": {"uv": [8, 4.75, 8.375, 5.125], "texture": "#1"},
				"south": {"uv": [4, 8, 4.625, 8.375], "texture": "#1"},
				"west": {"uv": [8, 5.25, 8.375, 5.625], "texture": "#1"},
				"up": {"uv": [8.625, 4.625, 8, 4.25], "texture": "#1"},
				"down": {"uv": [5.375, 8, 4.75, 8.375], "texture": "#1"}
			}
		},
		{
			"from": [-2, 8, -3],
			"to": [5, 8, 2],
			"rotation": {"angle": 22.5, "axis": "x", "origin": [-1.5, 8.5, 6.5]},
			"faces": {
				"north": {"uv": [0, 0, 1.75, 0], "texture": "#1"},
				"east": {"uv": [0, 0, 1.25, 0], "texture": "#1"},
				"south": {"uv": [0, 0, 1.75, 0], "texture": "#1"},
				"west": {"uv": [0, 0, 1.25, 0], "texture": "#1"},
				"up": {"uv": [5.75, 8, 4, 6.75], "texture": "#1"},
				"down": {"uv": [5.75, 6.75, 4, 8], "texture": "#1"}
			}
		},
		{
			"from": [3, 5.5, 5.5],
			"to": [4, 9.5, 9.5],
			"rotation": {"angle": 0, "axis": "y", "origin": [7, -1, 7]},
			"faces": {
				"north": {"uv": [7.25, 7.75, 7.5, 8.75], "texture": "#1"},
				"east": {"uv": [2, 7, 3, 8], "texture": "#1"},
				"south": {"uv": [2, 8, 2.25, 9], "texture": "#1"},
				"west": {"uv": [3, 7, 4, 8], "texture": "#1"},
				"up": {"uv": [2.5, 9, 2.25, 8], "texture": "#1"},
				"down": {"uv": [8.25, 2.25, 8, 3.25], "texture": "#1"}
			}
		},
		{
			"from": [13, 6, 6],
			"to": [16, 9, 9],
			"rotation": {"angle": 0, "axis": "y", "origin": [9, -1, 7]},
			"faces": {
				"north": {"uv": [1.25, 7.75, 0.5, 8.5], "texture": "#1"},
				"east": {"uv": [8.5, 6, 7.75, 6.75], "texture": "#1"},
				"south": {"uv": [6.5, 7.75, 5.75, 8.5], "texture": "#1"},
				"west": {"uv": [2, 7.75, 1.25, 8.5], "texture": "#1"},
				"up": {"uv": [6.5, 8.5, 7.25, 7.75], "texture": "#1"},
				"down": {"uv": [8, 0, 8.75, 0.75], "texture": "#1"}
			}
		},
		{
			"from": [12, 5.5, 5.5],
			"to": [13, 9.5, 9.5],
			"rotation": {"angle": 0, "axis": "y", "origin": [9, -1, 7]},
			"faces": {
				"north": {"uv": [7.5, 7.75, 7.25, 8.75], "texture": "#1"},
				"east": {"uv": [4, 7, 3, 8], "texture": "#1"},
				"south": {"uv": [2.25, 8, 2, 9], "texture": "#1"},
				"west": {"uv": [3, 7, 2, 8], "texture": "#1"},
				"up": {"uv": [2.25, 9, 2.5, 8], "texture": "#1"},
				"down": {"uv": [8, 2.25, 8.25, 3.25], "texture": "#1"}
			}
		},
		{
			"from": [16, 7, 1],
			"to": [18, 9, 8],
			"rotation": {"angle": 22.5, "axis": "x", "origin": [17.5, 8.5, 6.5]},
			"faces": {
				"north": {"uv": [3, 8, 2.5, 8.5], "texture": "#1"},
				"east": {"uv": [7.5, 7.25, 5.75, 7.75], "texture": "#1"},
				"south": {"uv": [3.5, 8, 3, 8.5], "texture": "#1"},
				"west": {"uv": [5.75, 7.25, 7.5, 7.75], "texture": "#1"},
				"up": {"uv": [7.5, 9, 8, 7.25], "texture": "#1"},
				"down": {"uv": [0, 7.75, 0.5, 9.5], "texture": "#1"}
			}
		},
		{
			"from": [11, 8, -3],
			"to": [18, 8, 2],
			"rotation": {"angle": 22.5, "axis": "x", "origin": [17.5, 8.5, 6.5]},
			"faces": {
				"north": {"uv": [1.75, 0, 0, 0], "texture": "#1"},
				"east": {"uv": [1.25, 0, 0, 0], "texture": "#1"},
				"south": {"uv": [1.75, 0, 0, 0], "texture": "#1"},
				"west": {"uv": [1.25, 0, 0, 0], "texture": "#1"},
				"up": {"uv": [4, 8, 5.75, 6.75], "texture": "#1"},
				"down": {"uv": [4, 6.75, 5.75, 8], "texture": "#1"}
			}
		},
		{
			"from": [14.75, 7.25, -0.5],
			"to": [17.25, 8.75, 1],
			"rotation": {"angle": 22.5, "axis": "x", "origin": [17.5, 8.5, 6.5]},
			"faces": {
				"north": {"uv": [8.5, 6.75, 7.75, 7.25], "texture": "#1"},
				"east": {"uv": [4, 8, 3.5, 8.5], "texture": "#1"},
				"south": {"uv": [8.75, 0.75, 8, 1.25], "texture": "#1"},
				"west": {"uv": [8.5, 3.25, 8, 3.75], "texture": "#1"},
				"up": {"uv": [8, 1.75, 8.75, 1.25], "texture": "#1"},
				"down": {"uv": [8, 1.75, 8.75, 2.25], "texture": "#1"}
			}
		},
		{
			"from": [13.5, 7.5, -1.5],
			"to": [15.5, 8.5, -0.5],
			"rotation": {"angle": 22.5, "axis": "x", "origin": [17.5, 8.5, 6.5]},
			"faces": {
				"north": {"uv": [8.625, 3.75, 8, 4.125], "texture": "#1"},
				"east": {"uv": [8.375, 5.25, 8, 5.625], "texture": "#1"},
				"south": {"uv": [4.625, 8, 4, 8.375], "texture": "#1"},
				"west": {"uv": [8.375, 4.75, 8, 5.125], "texture": "#1"},
				"up": {"uv": [8, 4.625, 8.625, 4.25], "texture": "#1"},
				"down": {"uv": [4.75, 8, 5.375, 8.375], "texture": "#1"}
			}
		},
		{
			"from": [3.75, 0.75, 3.75],
			"to": [12.25, 11.25, 12.25],
			"rotation": {"angle": 0, "axis": "y", "origin": [7, 0, 7]},
			"faces": {
				"north": {"uv": [0, 0, 2, 2.5], "texture": "#1"},
				"east": {"uv": [2, 0, 4, 2.5], "texture": "#1"},
				"south": {"uv": [0, 2.5, 2, 5], "texture": "#1"},
				"west": {"uv": [2, 2.5, 4, 5], "texture": "#1"},
				"up": {"uv": [8, 4, 6, 2], "texture": "#1"},
				"down": {"uv": [8, 4, 6, 6], "texture": "#1"}
			}
		},
		{
			"name": "cube inverted",
			"from": [12.25, 11.25, 12.25],
			"to": [3.75, 0.75, 3.75],
			"rotation": {"angle": 0, "axis": "y", "origin": [7, 0, 7]},
			"faces": {
				"north": {"uv": [0, 5, 2, 2.5], "texture": "#1"},
				"east": {"uv": [2, 5, 4, 2.5], "texture": "#1"},
				"south": {"uv": [0, 2.5, 2, 0], "texture": "#1"},
				"west": {"uv": [2, 2.5, 4, 0], "texture": "#1"},
				"up": {"uv": [6, 4, 8, 6], "texture": "#1"},
				"down": {"uv": [6, 4, 8, 2], "texture": "#1"}
			}
		}
	],
	"display": {
		"thirdperson_righthand": {
			"rotation": [41.25, 0, 0],
			"translation": [0, 1.75, 0],
			"scale": [0.39648, 0.39648, 0.39648]
		},
		"thirdperson_lefthand": {
			"rotation": [41.25, 0, 0],
			"translation": [0, 1.75, 0],
			"scale": [0.39648, 0.39648, 0.39648]
		},
		"firstperson_righthand": {
			"scale": [0.28516, 0.28516, 0.28516]
		},
		"firstperson_lefthand": {
			"scale": [0.28516, 0.28516, 0.28516]
		},
		"ground": {
			"translation": [0, 3, 0],
			"scale": [0.5, 0.5, 0.5]
		},
		"gui": {
			"rotation": [-152.01, 48.15, -179.51],
			"translation": [0, 1.5, 0],
			"scale": [0.8, 0.8, 0.8]
		},
		"head": {
			"translation": [0, 3.75, 0],
			"scale": [1.9, 1.9, 1.9]
		}
	}
}