{
	"credit": "Made with Blockbench",
	"texture_size": [64, 64],
	"textures": {
		"0": "item/western_hat",
		"particle": "item/western_hat"
	},
	"elements": [
		{
			"from": [4, 1, 4],
			"to": [12, 9, 12],
			"rotation": {"angle": 0, "axis": "y", "origin": [7, 1, 7]},
			"faces": {
				"north": {"uv": [0, 4, 2, 6], "texture": "#0"},
				"east": {"uv": [4, 0, 6, 2], "texture": "#0"},
				"south": {"uv": [2, 4, 4, 6], "texture": "#0"},
				"west": {"uv": [4, 2, 6, 4], "texture": "#0"},
				"up": {"uv": [6, 6, 4, 4], "texture": "#0"},
				"down": {"uv": [2, 6, 0, 8], "texture": "#0"}
			}
		},
		{
			"from": [6.5, 1, 3.5],
			"to": [9.5, 4, 4.5],
			"rotation": {"angle": 0, "axis": "y", "origin": [6.5, 1, -0.5]},
			"faces": {
				"north": {"uv": [4, 6, 4.75, 6.75], "texture": "#0"},
				"east": {"uv": [5.5, 6, 5.75, 6.75], "texture": "#0"},
				"south": {"uv": [4.75, 6, 5.5, 6.75], "texture": "#0"},
				"west": {"uv": [5.75, 6, 6, 6.75], "texture": "#0"},
				"up": {"uv": [7.75, 3, 7, 2.75], "texture": "#0"},
				"down": {"uv": [7.75, 3, 7, 3.25], "texture": "#0"}
			}
		},
		{
			"from": [4, 0, 0],
			"to": [12, 1, 16],
			"rotation": {"angle": 0, "axis": "y", "origin": [7, 0, 7]},
			"faces": {
				"north": {"uv": [4, 6.75, 6, 7], "texture": "#0"},
				"east": {"uv": [7, 0, 11, 0.25], "texture": "#0"},
				"south": {"uv": [7, 1.5, 9, 1.75], "texture": "#0"},
				"west": {"uv": [7, 0.25, 11, 0.5], "texture": "#0"},
				"up": {"uv": [2, 4, 0, 0], "texture": "#0"},
				"down": {"uv": [4, 0, 2, 4], "texture": "#0"}
			}
		},
		{
			"from": [11.75, 2, 1],
			"to": [15.75, 3, 15],
			"rotation": {"angle": 22.5, "axis": "z", "origin": [16.75, 2, 7]},
			"faces": {
				"north": {"uv": [7, 1.75, 8, 2], "texture": "#0"},
				"east": {"uv": [7, 0.5, 10.5, 0.75], "texture": "#0"},
				"south": {"uv": [7, 2, 8, 2.25], "texture": "#0"},
				"west": {"uv": [7, 0.75, 10.5, 1], "texture": "#0"},
				"up": {"uv": [7, 3.5, 6, 0], "texture": "#0"},
				"down": {"uv": [3, 6, 2, 9.5], "texture": "#0"}
			}
		},
		{
			"from": [0, 0, 1],
			"to": [4, 1, 15],
			"rotation": {"angle": -22.5, "axis": "z", "origin": [4, 0, 7]},
			"faces": {
				"north": {"uv": [7, 2.25, 8, 2.5], "texture": "#0"},
				"east": {"uv": [7, 1, 10.5, 1.25], "texture": "#0"},
				"south": {"uv": [7, 2.5, 8, 2.75], "texture": "#0"},
				"west": {"uv": [7, 1.25, 10.5, 1.5], "texture": "#0"},
				"up": {"uv": [4, 9.5, 3, 6], "texture": "#0"},
				"down": {"uv": [7, 3.5, 6, 7], "texture": "#0"}
			}
		}
	],
	"display": {
		"thirdperson_righthand": {
			"rotation": [37, 56, 0],
			"translation": [0, 3.75, 1.25],
			"scale": [0.45, 0.45, 0.45]
		},
		"thirdperson_lefthand": {
			"rotation": [37, 56, 0],
			"translation": [0, 3.75, 1.25],
			"scale": [0.45, 0.45, 0.45]
		},
		"firstperson_righthand": {
			"rotation": [0, 37, 0],
			"translation": [0, 4.75, 0],
			"scale": [0.52, 0.52, 0.52]
		},
		"firstperson_lefthand": {
			"rotation": [0, 37, 0],
			"translation": [0, 4.75, 0],
			"scale": [0.52, 0.52, 0.52]
		},
		"ground": {
			"translation": [0, 3.25, 0],
			"scale": [0.7, 0.7, 0.7]
		},
		"gui": {
			"rotation": [25, 142, 0],
			"translation": [0, 3.25, 0],
			"scale": [0.75, 0.75, 0.75]
		},
		"head": {
			"rotation": [3, 0, 0],
			"translation": [0, 17, 0.75],
			"scale": [1.46, 1.46, 1.46]
		}
	}
}